"Id","LotFrontage","LotArea","OverallQual","OverallCond","MasVnrArea","BsmtFinSF1","BsmtUnfSF","TotalBsmtSF","X1stFlrSF","X2ndFlrSF","GrLivArea","BsmtFullBath","FullBath","HalfBath","BedroomAbvGr","KitchenAbvGr","TotRmsAbvGrd","Fireplaces","GarageCars","GarageArea","OpenPorchSF","SalePrice"
1,65,8450,7,5,196,706,150,856,856,854,1710,1,2,1,3,1,8,0,2,548,61,208500
2,80,9600,6,8,0,978,284,1262,1262,0,1262,0,2,0,3,1,6,1,2,460,0,181500
3,68,11250,7,5,162,486,434,920,920,866,1786,1,2,1,3,1,6,1,2,608,42,223500
4,60,9550,7,5,0,216,540,756,961,756,1717,1,1,0,3,1,7,1,3,642,35,140000
5,84,14260,8,5,350,655,490,1145,1145,1053,2198,1,2,1,4,1,9,1,3,836,84,250000
6,85,14115,5,5,0,732,64,796,796,566,1362,1,1,1,1,1,5,0,2,480,30,143000
7,75,10084,8,5,186,1369,317,1686,1694,0,1694,1,2,0,3,1,7,1,2,636,57,307000
9,51,6120,7,5,0,0,952,952,1022,752,1774,0,2,0,2,2,8,2,2,468,0,129900
10,50,7420,5,6,0,851,140,991,1077,0,1077,1,1,0,2,2,5,2,1,205,4,118000
11,70,11200,5,5,0,906,134,1040,1040,0,1040,1,1,0,3,1,5,0,1,384,0,129500
12,85,11924,9,5,286,998,177,1175,1182,1142,2324,1,3,0,4,1,11,2,3,736,21,345000
14,91,10652,7,5,306,0,1494,1494,1494,0,1494,0,2,0,3,1,7,1,3,840,33,279500
16,51,6120,7,8,0,0,832,832,854,0,854,0,1,0,2,1,5,0,2,576,112,132000
18,72,10791,4,5,0,0,0,0,1296,0,1296,0,2,0,2,2,6,0,2,516,0,90000
19,66,13695,5,5,0,646,468,1114,1114,0,1114,1,1,1,3,1,6,0,2,576,102,159000
20,70,7560,5,6,0,504,525,1029,1339,0,1339,0,1,0,3,1,6,0,1,294,0,139000
21,101,14215,8,5,380,0,1158,1158,1158,1218,2376,0,3,1,4,1,9,1,3,853,154,325300
22,57,7449,7,7,0,0,637,637,1108,0,1108,0,1,0,3,1,6,1,1,280,0,139400
23,75,9742,8,5,281,0,1777,1777,1795,0,1795,0,2,0,3,1,7,1,2,534,159,230000
24,44,4224,5,7,0,840,200,1040,1060,0,1060,1,1,0,3,1,6,1,2,572,110,129900
26,110,14230,8,5,640,0,1566,1566,1600,0,1600,0,2,0,3,1,7,1,3,890,56,256300
27,60,7200,5,7,0,234,180,900,900,0,900,0,1,0,3,1,5,0,2,576,32,134800
28,98,11478,8,5,200,1218,486,1704,1704,0,1704,1,2,0,3,1,7,1,3,772,50,306000
29,47,16321,5,6,0,1277,207,1484,1600,0,1600,1,1,0,2,1,6,2,1,319,258,207500
30,60,6324,4,6,0,0,520,520,520,0,520,0,1,0,1,1,4,0,1,240,0,68500
31,50,8500,4,4,0,0,649,649,649,668,1317,0,1,0,3,1,6,0,1,250,54,40000
33,85,11049,8,5,0,0,1234,1234,1234,0,1234,0,2,0,3,1,7,0,2,484,30,179900
34,70,10552,5,5,0,1018,380,1398,1700,0,1700,0,1,1,4,1,6,1,2,447,38,165500
35,60,7313,9,5,246,1153,408,1561,1561,0,1561,1,2,0,2,1,6,1,2,556,47,277500
36,108,13418,8,5,132,0,1117,1117,1132,1320,2452,0,3,1,4,1,9,1,3,691,32,309000
37,112,10859,5,5,0,0,1097,1097,1097,0,1097,0,1,1,3,1,6,0,2,672,64,145000
38,74,8532,5,6,650,1213,84,1297,1297,0,1297,0,1,0,3,1,5,1,2,498,0,153000
39,68,7922,5,7,0,731,326,1057,1057,0,1057,1,1,0,3,1,5,0,1,246,52,109000
41,84,8658,6,5,101,643,445,1088,1324,0,1324,0,2,0,3,1,6,1,2,440,138,160000
42,115,16905,5,6,0,967,383,1350,1328,0,1328,0,1,1,2,1,5,2,1,308,104,170000
45,70,7945,5,6,0,179,465,1150,1150,0,1150,1,1,0,3,1,6,0,1,300,0,141000
46,61,7658,9,5,412,456,1296,1752,1752,0,1752,1,2,0,2,1,6,1,2,576,82,319900
47,48,12822,7,5,0,1351,83,1434,1518,631,2149,1,1,1,1,1,6,1,2,670,43,239686
48,84,11096,8,5,0,24,1632,1656,1656,0,1656,0,2,0,3,1,7,0,3,826,146,249700
50,66,7742,5,7,0,763,192,955,955,0,955,1,1,0,3,1,6,0,1,386,0,127000
52,52,6240,6,6,0,0,816,816,816,0,1176,0,1,0,3,1,6,1,2,528,0,114500
53,110,8472,5,5,0,104,0,816,816,0,816,1,1,0,2,1,5,0,2,516,0,110000
54,68,50271,9,5,0,1810,32,1842,1842,0,1842,2,0,1,0,1,5,1,3,894,72,385000
55,60,7134,5,5,0,384,0,384,1360,0,1360,0,1,0,3,1,6,1,2,572,50,130000
56,100,10175,6,5,272,490,935,1425,1425,0,1425,0,2,0,3,1,7,1,2,576,0,180500
57,24,2645,8,5,456,649,321,970,983,756,1739,1,2,1,3,1,7,0,2,480,0,172500
58,89,11645,7,5,0,0,860,860,860,860,1720,0,2,1,3,1,7,0,2,565,70,196500
59,66,13682,10,5,1031,0,1410,1410,1426,1519,2945,0,3,1,3,1,10,1,3,641,0,438780
60,60,7200,5,7,0,632,148,780,780,0,780,0,1,0,2,1,4,0,1,352,0,124900
61,63,13072,6,5,0,941,217,1158,1158,0,1158,1,1,1,3,1,5,0,2,576,50,158000
62,60,7200,5,7,0,0,530,530,581,530,1111,0,1,0,3,1,6,0,1,288,0,101000
63,44,6442,8,5,178,24,1346,1370,1370,0,1370,0,2,0,2,1,6,1,2,484,49,202500
64,50,10300,7,6,0,0,576,576,902,808,1710,0,2,0,3,1,9,0,2,480,11,140000
66,76,9591,8,5,344,0,1143,1143,1143,1330,2473,0,2,1,4,1,9,1,3,852,151,317000
68,72,10665,7,5,167,1013,440,1453,1479,0,1479,1,2,0,3,1,7,0,2,558,29,226000
69,47,4608,4,6,0,0,747,747,747,0,747,0,1,0,2,1,4,0,1,220,0,80000
70,81,15593,7,4,0,603,701,1304,1304,983,2287,0,2,0,3,1,7,1,2,667,21,225000
71,95,13651,7,6,1115,1880,343,2223,2223,0,2223,1,2,0,3,1,8,2,2,516,0,244000
72,69,7599,4,6,0,565,280,845,845,0,845,1,1,0,2,1,4,0,2,360,0,129500
73,74,10141,7,5,40,0,832,832,885,833,1718,0,2,1,3,1,7,1,2,427,94,185000
74,85,10200,5,7,104,320,404,1086,1086,0,1086,1,1,0,3,1,6,0,2,490,0,144900
75,60,5790,3,6,0,0,840,840,840,765,1605,0,2,0,3,2,8,0,1,379,0,107400
76,21,1596,4,5,0,462,0,462,526,462,988,1,1,0,2,1,5,0,1,297,101,91000
78,50,8635,5,5,0,336,295,672,1072,213,1285,1,1,0,2,1,6,0,1,240,0,127000
80,60,10440,5,6,0,0,440,440,682,548,1230,0,1,1,2,1,5,0,2,440,0,110000
81,100,13000,6,6,576,448,448,896,1182,960,2142,0,2,1,4,1,8,1,1,509,72,193500
82,32,4500,6,5,443,1201,36,1237,1337,0,1337,1,2,0,2,1,5,0,2,405,199,153500
83,78,10206,8,5,468,33,1530,1563,1563,0,1563,0,2,0,3,1,6,1,3,758,99,245000
84,80,8892,5,5,66,0,1065,1065,1065,0,1065,0,1,1,3,1,6,0,2,461,0,126500
86,121,16059,8,5,284,0,1288,1288,1301,1116,2417,0,2,1,4,1,9,1,2,462,82,260000
87,122,11911,6,5,0,0,684,684,684,876,1560,0,2,1,3,1,6,1,2,400,38,174000
88,40,3951,6,5,76,0,612,612,612,612,1224,0,2,1,2,1,4,0,2,528,234,164500
91,60,7200,4,5,0,0,0,0,1040,0,1040,0,1,0,2,1,4,0,2,420,29,109900
92,85,8500,5,3,203,600,635,1235,1235,0,1235,0,1,0,2,1,6,0,2,480,0,98600
93,80,13360,5,7,0,713,163,876,964,0,964,1,1,0,2,1,5,0,2,432,0,163500
94,60,7200,6,6,0,1046,168,1214,1260,1031,2291,0,2,0,4,2,9,1,2,506,0,133900
95,69,9337,6,5,0,648,176,824,905,881,1786,1,2,1,3,1,7,0,2,684,162,204750
97,78,10264,7,5,183,1162,426,1588,1588,0,1588,0,2,0,3,1,6,0,2,472,29,214000
98,73,10921,4,5,48,520,440,960,960,0,960,1,1,0,3,1,6,0,1,432,0,94750
99,85,10625,5,5,0,108,350,458,835,0,835,0,1,0,2,1,5,0,1,366,0,83000
102,77,9206,6,5,336,0,741,741,977,755,1732,0,2,1,3,1,7,1,2,476,46,178000
103,64,7018,5,5,0,0,0,0,1535,0,1535,0,2,0,4,2,8,0,2,410,0,118964
104,94,10402,7,5,0,0,1226,1226,1226,0,1226,0,2,0,3,1,6,0,3,740,36,198900
106,75,9375,8,5,768,0,1053,1053,1053,939,1992,0,2,1,3,1,9,1,2,648,45,250000
107,60,10800,4,7,0,0,641,641,1047,0,1047,0,1,0,2,1,6,0,1,273,0,100000
108,50,6000,5,5,0,104,516,789,789,0,789,0,1,0,2,1,5,0,1,250,0,115000
110,105,11751,6,6,480,705,1139,1844,1844,0,1844,0,2,0,3,1,7,1,2,546,122,190000
111,75,9525,6,4,0,444,550,994,1216,639,1855,0,2,0,4,1,7,0,1,325,0,136900
113,77,9965,7,5,220,984,280,1264,1282,1414,2696,1,2,1,4,1,10,1,3,792,184,383970
115,61,7259,6,8,0,774,104,1028,1436,884,2320,1,2,1,3,1,9,1,1,180,0,259500
116,34,3230,6,5,1129,419,310,729,729,729,1458,0,2,1,2,1,5,1,2,440,32,176000
118,74,8536,5,5,0,0,1125,1125,1125,0,1125,0,1,1,2,1,5,0,2,430,64,155000
119,90,12376,7,5,0,1470,203,1673,1699,1523,3222,1,3,0,5,1,11,2,3,594,0,320000
120,65,8461,6,5,0,0,728,728,728,728,1456,0,2,1,3,1,8,1,2,390,24,163990
122,50,6060,4,5,0,0,732,732,772,351,1123,0,1,0,3,1,4,0,1,264,0,100000
123,75,9464,6,7,135,570,510,1080,1080,0,1080,0,1,0,3,1,5,0,1,288,0,136000
124,55,7892,6,5,0,300,899,1199,1199,0,1199,0,2,0,2,1,5,0,2,530,63,153900
125,48,17043,6,5,0,0,1362,1362,1586,0,1586,0,2,0,3,1,7,1,2,435,0,181000
129,69,7590,6,5,266,512,148,660,660,688,1348,0,1,1,3,1,6,1,2,453,108,155000
130,69,8973,5,7,85,567,413,1008,1053,0,1053,0,1,1,3,1,6,0,2,750,80,150000
131,88,14200,7,6,309,445,479,924,1216,941,2157,0,2,1,4,1,8,2,2,487,66,226000
133,75,7388,5,6,0,405,658,1063,1327,0,1327,1,1,0,3,1,7,0,2,624,0,150750
135,78,10335,5,6,0,570,891,1461,1721,0,1721,0,2,1,3,1,7,1,2,440,96,180000
136,80,10400,7,6,288,0,1304,1304,1682,0,1682,0,2,0,3,1,7,1,2,530,0,174000
138,82,11070,7,5,70,0,1907,1907,1959,0,1959,0,3,0,5,2,9,0,3,766,0,171000
139,73,9066,8,5,320,668,336,1004,1004,848,1852,0,2,1,3,1,7,2,3,660,106,230000
140,65,15426,6,5,0,821,107,928,928,836,1764,1,2,1,3,1,7,0,2,470,99,231500
142,78,11645,7,5,0,1300,434,1734,1734,0,1734,1,2,0,3,1,7,0,2,660,24,260000
143,71,8520,5,4,0,507,403,910,910,475,1385,0,2,0,4,1,6,0,2,720,0,166000
144,78,10335,7,5,183,679,811,1490,1501,0,1501,1,2,0,3,1,6,0,2,577,29,204000
145,70,9100,5,5,336,1332,396,1728,1728,0,1728,1,2,0,6,2,10,0,2,504,0,125000
146,24,2522,6,5,50,0,970,970,970,739,1709,0,2,0,3,1,7,0,2,380,40,130000
147,51,6120,5,7,0,209,506,715,875,0,875,1,1,0,2,1,5,0,1,180,0,105000
151,120,10356,5,6,0,716,253,969,969,0,969,0,1,1,3,1,5,0,2,440,0,122000
152,107,13891,8,5,436,1400,310,1710,1710,0,1710,1,2,0,2,1,6,1,3,866,102,372402
155,84,11340,6,5,0,0,1200,1200,1200,0,1200,0,1,0,4,1,7,0,1,312,0,125000
157,60,7200,5,7,0,0,0,0,1040,0,1040,0,1,0,2,1,5,0,2,625,0,109500
158,92,12003,8,5,84,0,774,774,774,1194,1968,0,2,1,4,1,8,1,3,680,75,269500
159,100,12552,7,5,0,222,769,991,991,956,1947,0,2,1,3,1,8,1,2,678,136,254900
160,134,19378,7,5,456,57,1335,1392,1392,1070,2462,1,2,1,4,1,9,1,2,576,132,320000
162,110,13688,9,5,664,1016,556,1572,1572,1096,2668,1,2,1,3,1,10,2,3,726,0,412500
163,95,12182,7,5,226,1201,340,1541,1541,0,1541,0,2,0,3,1,7,1,2,532,70,220000
165,40,5400,6,7,0,370,779,1149,1149,467,1616,0,2,0,3,1,5,0,1,216,0,152000
168,86,10562,8,5,300,1288,294,1582,1610,551,2161,1,1,1,3,1,8,1,3,789,120,325624
169,62,8244,7,5,0,0,840,840,840,880,1720,0,2,1,3,1,7,1,2,440,48,183500
172,141,31770,6,5,112,639,441,1080,1656,0,1656,1,1,0,3,1,7,2,2,528,62,215000
173,44,5306,7,7,0,495,354,1064,1064,703,1767,1,2,0,2,1,5,1,2,504,35,239000
174,80,10197,6,5,491,288,700,1362,1362,0,1362,1,1,1,3,1,6,1,2,504,20,163000
175,47,12416,6,5,132,1398,0,1606,1651,0,1651,1,2,0,3,1,7,1,2,616,0,184000
176,84,12615,6,7,0,477,725,1202,2158,0,2158,1,2,0,4,1,7,1,2,576,29,243000
177,97,10029,6,5,268,831,320,1151,1164,896,2060,0,2,1,4,1,8,1,2,521,228,211000
179,63,17423,9,5,748,1904,312,2216,2234,0,2234,1,2,0,1,1,9,1,3,1166,60,501837
180,60,8520,5,6,0,0,968,968,968,0,968,0,1,0,2,1,5,0,2,480,0,100000
182,54,7588,7,6,0,352,441,793,901,901,1802,0,1,1,4,1,9,1,1,216,0,200100
183,60,9060,5,6,98,0,0,0,1340,0,1340,0,1,0,3,1,7,1,1,252,0,120000
184,63,11426,7,5,0,0,1362,1362,1362,720,2082,0,2,1,3,1,6,0,2,484,238,200000
185,92,7438,5,8,0,0,504,504,936,316,1252,0,1,0,3,1,5,0,2,576,0,127000
186,90,22950,10,9,0,0,1107,1107,1518,1518,3608,0,2,1,4,1,12,2,3,840,260,475000
188,60,10410,5,7,0,0,660,660,808,704,1656,0,2,1,3,1,8,0,1,180,0,135000
189,64,7018,5,5,275,1086,0,1086,1224,0,1224,2,0,2,2,2,6,2,2,528,0,153337
190,41,4923,8,5,0,1153,440,1593,1593,0,1593,1,1,1,0,1,5,1,2,682,120,286000
191,70,10570,8,8,0,297,556,853,1549,1178,2727,0,2,1,3,1,10,2,2,440,74,315000
193,68,9017,7,5,0,560,871,1431,1431,0,1431,1,2,0,3,1,6,0,2,666,35,192000
194,24,2522,7,5,50,0,970,970,970,739,1709,0,2,0,3,1,7,0,2,380,40,130000
195,60,7180,5,7,0,390,474,864,864,0,864,0,1,0,3,1,5,0,1,352,0,127000
196,24,2280,6,6,0,566,289,855,855,601,1456,0,2,1,3,1,7,1,2,440,0,148500
197,79,9416,7,5,205,1126,600,1726,1726,0,1726,1,2,0,3,1,8,1,3,786,138,311872
198,174,25419,8,4,0,1036,140,1360,1360,1360,3112,1,2,0,4,1,8,1,2,795,16,235000
200,76,9591,8,5,262,1088,625,1713,1713,0,1713,1,2,0,3,1,7,1,3,856,26,274900
201,80,8546,4,5,0,0,1121,1121,1121,0,1121,0,2,0,2,1,5,0,2,440,64,140000
202,75,10125,6,6,0,641,276,1196,1279,0,1279,0,2,0,3,1,6,2,2,473,83,171500
203,50,7000,6,6,0,617,0,617,865,445,1310,0,2,0,2,1,6,0,1,398,0,112000
205,50,3500,5,7,0,312,408,720,720,564,1284,0,1,1,2,1,5,0,1,240,35,110000
206,99,11851,7,5,0,0,1424,1424,1442,0,1442,0,2,0,3,1,5,0,2,500,34,180500
207,40,13673,5,5,0,0,1140,1140,1696,0,1696,0,1,1,3,1,8,1,1,349,30,143900
210,75,8250,6,7,260,787,305,1092,1092,0,1092,1,1,0,3,1,6,0,2,504,0,145000
212,83,10420,6,5,0,36,1176,1212,1212,0,1212,0,2,0,3,1,6,0,2,460,22,186000
213,72,8640,7,5,0,822,78,900,932,920,1852,1,2,1,3,1,7,1,2,644,108,252678
214,43,13568,5,5,0,716,274,990,990,0,990,0,1,0,3,1,5,0,2,576,0,156000
216,72,10011,5,6,64,360,710,1070,1236,0,1236,0,1,0,2,1,6,1,1,447,0,134450
217,65,8450,7,5,266,946,490,1436,1436,0,1436,1,2,0,3,1,8,0,2,484,98,210000
218,57,9906,4,4,0,0,686,686,810,518,1328,0,1,0,3,1,8,0,1,210,172,107000
220,43,3010,7,5,16,16,1232,1248,1248,0,1248,0,2,0,2,1,5,0,2,438,0,167240
221,73,8990,7,5,0,0,1498,1498,1498,0,1498,0,2,0,2,1,5,0,2,675,33,204900
223,85,11475,6,6,0,550,163,713,811,741,1552,1,2,1,3,1,6,1,2,434,208,179900
224,70,10500,4,6,0,524,160,864,864,0,864,0,1,0,2,1,4,0,2,576,0,97000
225,103,13472,10,5,922,56,2336,2392,2392,0,2392,0,2,0,3,1,8,1,3,968,105,386250
226,21,1680,5,5,142,0,630,630,630,672,1302,0,2,1,3,1,6,0,1,280,0,112000
227,82,9950,7,5,290,565,638,1203,1214,1306,2520,0,2,1,4,1,9,1,3,721,114,290000
228,21,1869,6,6,127,321,162,483,483,504,987,0,1,1,2,1,5,0,1,280,0,106000
229,70,8521,5,5,0,842,70,912,912,0,912,0,1,0,3,1,5,1,1,336,0,125000
230,43,3182,7,5,16,16,1357,1373,1555,0,1555,0,2,0,2,1,7,1,2,430,20,192500
231,73,8760,6,6,220,0,1194,1194,1194,0,1194,1,1,0,3,1,6,0,1,312,0,148000
232,174,15138,8,5,506,689,773,1462,1490,1304,2794,1,2,1,4,1,9,1,3,810,146,403000
233,21,1680,6,5,297,0,483,483,483,504,987,0,1,1,2,1,5,1,1,288,0,94500
234,75,10650,5,6,0,182,0,894,894,0,894,1,1,0,3,1,5,0,1,308,0,128200
236,21,1680,6,3,604,358,125,483,483,504,987,0,1,1,2,1,5,0,1,264,0,89500
237,65,8773,7,5,98,24,1390,1414,1414,0,1414,0,2,0,3,1,6,0,2,494,105,185500
239,93,12030,8,5,254,0,1694,1694,1694,0,1694,0,2,0,3,1,7,0,3,818,228,318000
240,52,8741,6,4,0,94,641,735,798,689,1487,0,1,1,3,1,7,1,1,220,140,113000
241,75,9000,8,5,36,1078,488,1566,1566,0,1566,1,2,0,3,1,7,0,2,750,168,262500
243,63,5000,5,4,0,0,540,540,889,551,1440,0,1,0,3,1,6,0,1,352,0,79000
244,75,10762,6,6,0,0,626,626,626,591,1217,0,1,1,3,1,6,1,1,288,28,120000
246,80,10400,7,5,102,929,916,1845,1872,0,1872,0,2,0,3,1,6,1,2,604,39,241500
247,69,9142,6,8,0,0,1020,1020,908,1020,1928,0,2,0,4,2,9,0,1,440,60,137000
248,75,11310,6,5,0,0,1367,1367,1375,0,1375,0,1,0,2,1,5,1,2,451,30,140000
249,72,11317,7,5,101,0,840,840,840,828,1668,0,2,1,3,1,8,0,2,500,68,180000
252,44,4750,8,5,481,1573,0,1573,1625,0,1625,1,2,0,2,1,5,1,2,538,0,235000
253,65,8366,6,5,0,0,798,798,798,842,1640,0,2,1,3,1,6,0,2,520,45,173000
254,85,9350,6,7,108,270,452,1302,1302,0,1302,0,2,0,3,1,7,0,1,309,0,158000
255,70,8400,5,6,0,922,392,1314,1314,0,1314,1,1,0,3,1,5,0,1,294,0,145000
256,66,8738,7,5,302,0,975,975,1005,1286,2291,0,2,1,4,1,8,1,2,429,0,230000
257,64,8791,6,5,0,503,361,864,864,864,1728,0,2,1,3,1,7,0,2,673,56,207500
258,68,8814,7,5,180,1334,270,1604,1604,0,1604,1,2,1,3,1,8,1,2,660,110,220000
259,80,12435,7,5,172,361,602,963,963,829,1792,0,2,1,3,1,7,1,2,564,96,231500
260,70,12702,5,5,0,0,0,0,882,0,882,0,1,0,2,1,4,0,1,308,45,97000
261,120,19296,6,5,399,672,0,1362,1382,0,1382,1,1,0,3,1,6,1,2,884,0,176000
262,69,9588,8,5,270,0,1482,1482,1482,1092,2574,0,2,1,3,1,10,1,3,868,148,276000
263,88,8471,6,7,46,506,0,506,1212,0,1212,1,1,0,3,1,6,1,2,492,12,151000
264,50,5500,5,7,0,234,0,926,926,0,1316,1,1,0,3,1,6,0,2,484,0,130000
265,30,5232,5,5,0,0,680,680,764,0,764,0,1,0,2,1,4,0,2,504,0,73000
266,78,12090,6,6,210,588,606,1422,1422,0,1422,0,2,0,3,1,7,1,2,576,0,175500
267,70,11207,6,5,0,714,88,802,802,709,1511,1,2,1,3,1,8,1,2,413,75,185000
268,60,8400,5,8,0,378,342,720,1052,720,2192,0,2,1,4,1,8,1,1,240,24,179500
269,71,6900,5,6,0,403,212,740,778,0,778,0,1,0,2,1,4,1,1,924,25,120500
271,84,10728,8,5,0,0,1095,1095,1095,844,1939,0,2,1,3,1,8,1,3,1053,51,266000
272,73,39104,7,7,0,226,96,1385,1363,0,1363,1,1,0,2,1,5,2,2,439,0,241500
273,92,11764,8,7,348,524,628,1152,1164,1106,2270,0,2,1,4,1,9,1,3,671,57,290000
274,80,9600,6,6,183,620,0,1240,1632,0,1632,1,2,0,3,1,6,1,1,338,0,139000
275,76,8314,5,7,0,546,270,816,816,0,816,0,1,0,2,1,5,0,1,264,0,124500
276,55,7264,7,7,0,0,952,952,952,596,1548,0,2,1,3,1,5,0,2,672,0,205000
277,129,9196,7,5,0,0,1560,1560,1560,0,1560,0,2,0,3,1,7,0,2,573,150,201000
278,140,19138,4,5,0,120,744,864,864,0,864,0,1,0,2,1,4,0,2,400,0,141000
279,107,14450,9,5,315,0,2121,2121,2121,0,2121,0,2,1,3,1,8,1,3,732,98,415298
280,83,10005,7,5,299,392,768,1160,1156,866,2022,0,2,1,4,1,8,1,2,505,117,192000
281,82,11287,7,6,340,421,386,807,1175,807,1982,0,2,1,3,1,7,1,2,575,84,228500
282,60,7200,6,5,68,905,357,1262,1262,0,1262,0,2,0,2,1,5,0,2,572,120,185000
283,34,5063,7,5,166,904,410,1314,1314,0,1314,1,2,0,2,1,6,1,2,626,62,207500
284,74,9612,8,5,72,0,1468,1468,1468,0,1468,0,2,0,3,1,6,1,3,898,150,244600
285,50,8012,6,5,0,430,1145,1575,1575,0,1575,1,2,0,2,1,5,0,2,529,0,179200
286,35,4251,7,5,0,0,625,625,625,625,1250,0,2,1,2,1,5,0,2,528,54,164700
287,77,9786,6,7,0,600,312,912,1085,649,1734,0,1,1,3,1,7,1,2,440,0,159000
290,60,8730,6,7,0,0,698,698,698,698,1396,0,1,0,3,1,7,0,1,384,0,153575
291,120,15611,8,5,0,0,1079,1079,1079,840,1919,0,2,1,3,1,8,1,2,685,51,233230
293,60,11409,5,4,0,292,476,768,1148,568,1716,0,1,1,3,1,8,1,1,281,0,131000
295,80,9600,6,5,238,1285,131,1416,1644,0,1644,1,1,0,3,1,7,2,2,418,0,167000
296,37,7937,6,6,0,819,184,1003,1003,0,1003,1,1,0,3,1,6,0,2,588,0,142500
297,75,13710,5,5,0,420,490,910,910,648,1558,0,1,1,4,1,6,0,1,282,0,152000
298,66,7399,7,5,1600,649,326,975,975,975,1950,0,2,1,3,1,7,1,2,576,10,239000
299,90,11700,6,6,365,384,143,702,1041,702,1743,0,1,2,3,1,7,1,2,539,0,175000
300,80,14000,6,8,0,0,1092,1092,1152,0,1152,0,1,0,3,1,6,1,1,300,36,158500
301,90,15750,5,5,56,841,324,1165,1336,0,1336,1,1,0,2,1,5,2,1,375,0,157000
302,66,16226,8,5,0,281,747,1028,1210,1242,2452,0,2,1,4,1,9,1,2,683,50,267000
303,118,13704,7,5,150,0,1541,1541,1541,0,1541,0,2,0,3,1,6,1,3,843,81,205000
304,70,9800,5,7,0,894,0,894,894,0,894,1,1,0,3,1,5,0,2,552,0,149900
305,87,18386,7,9,0,0,1470,1470,1675,1818,3493,0,3,0,3,1,10,1,3,870,0,295000
306,80,10386,8,5,246,1464,536,2000,2000,0,2000,1,2,0,3,1,8,0,3,888,0,305900
307,116,13474,7,5,246,700,0,700,1122,1121,2243,1,2,1,4,1,8,1,3,746,44,225000
310,90,12378,9,5,0,1274,622,1896,1944,0,1944,1,2,0,3,1,8,3,3,708,175,360000
312,50,8000,6,6,0,680,292,972,972,0,972,1,1,0,2,1,5,1,1,240,0,132000
313,65,7800,5,7,0,507,286,793,793,325,1118,1,1,0,3,1,5,1,2,410,0,119900
314,150,215245,7,5,0,1236,80,2136,2036,0,2036,2,2,0,3,1,8,2,2,513,0,375000
315,60,9600,7,7,0,16,712,728,832,809,1641,0,1,1,3,1,6,1,2,546,0,178000
316,71,7795,7,5,0,425,291,716,716,716,1432,1,2,1,3,1,6,1,2,432,51,188500
317,94,13005,7,7,278,692,153,845,1153,1200,2353,1,2,1,4,1,10,1,2,484,195,260000
318,75,9000,8,5,0,0,1088,1088,1088,871,1959,0,2,1,3,1,8,1,3,1025,46,270000
319,90,9900,7,5,256,987,360,1347,1372,1274,2646,1,2,1,4,1,9,1,3,656,60,260000
321,111,16259,9,5,370,0,1249,1249,1249,1347,2596,0,3,1,4,1,9,0,3,840,154,342643
322,99,12099,8,5,388,970,166,1136,1136,1332,2468,1,2,1,4,1,10,1,3,872,154,354000
323,86,10380,7,5,172,28,0,1502,1553,1177,2730,1,2,1,4,1,8,1,2,576,96,301000
324,49,5820,3,8,0,256,906,1162,1163,0,1163,1,1,0,3,1,6,0,1,220,98,126175
325,96,11275,7,7,300,0,710,710,1898,1080,2978,0,2,1,5,1,11,1,2,564,0,242000
326,50,5000,5,6,0,116,604,720,803,0,803,0,1,0,2,1,5,0,2,360,0,87000
327,32,10846,8,5,0,1619,100,1719,1719,0,1719,2,1,1,1,1,6,2,2,473,30,324000
328,80,11600,6,5,175,565,818,1383,1383,0,1383,0,1,1,3,1,7,0,1,292,45,145250
330,60,6402,5,5,0,0,596,596,596,596,1192,0,1,0,3,1,6,0,1,189,0,78000
332,70,8176,5,6,0,846,210,1056,1056,0,1056,1,1,0,3,1,6,0,1,308,0,139000
333,85,10655,8,5,296,1124,1603,3206,1629,0,1629,1,2,0,3,1,7,1,3,880,0,284000
334,59,8198,7,5,146,720,638,1358,1358,0,1358,1,2,0,2,1,6,1,2,484,30,207000
335,59,9042,6,5,0,828,115,943,943,695,1638,1,2,1,3,1,7,2,2,472,38,192000
337,86,14157,9,5,200,1249,673,1922,1922,0,1922,1,2,0,3,1,8,1,3,676,51,377426
338,70,9135,7,5,113,810,726,1536,1536,0,1536,1,2,0,3,1,7,0,2,532,74,214000
339,91,14145,7,7,0,213,995,1208,1621,0,1621,1,2,0,3,1,8,0,2,440,45,202500
340,66,12400,6,7,176,585,630,1215,1215,0,1215,0,1,0,3,1,6,0,1,297,0,155000
341,85,14191,8,5,0,0,967,967,993,915,1908,0,2,1,4,1,9,0,2,431,0,202900
342,60,8400,4,4,0,0,721,721,841,0,841,0,1,0,2,1,4,0,1,294,0,82000
344,63,8849,9,5,616,28,1656,1684,1684,0,1684,0,2,0,2,1,6,1,2,564,72,266000
345,36,2592,5,3,0,129,175,536,536,576,1112,0,1,1,3,1,4,0,1,336,0,85000
346,65,6435,6,5,0,0,972,972,972,605,1577,0,1,0,3,1,6,1,1,312,0,140200
349,36,2448,7,5,106,573,191,764,764,862,1626,1,2,1,2,1,6,0,2,474,27,154000
350,56,20431,9,5,870,1410,438,1848,1848,880,2728,1,2,1,4,1,10,2,3,706,0,437154
351,68,7820,9,5,362,0,1869,1869,1869,0,1869,0,2,0,2,1,6,1,2,617,54,318061
353,60,9084,5,6,0,236,0,616,616,495,1111,0,1,0,3,1,5,0,1,200,0,95000
354,60,8520,6,8,0,0,624,624,720,0,720,0,1,0,2,1,5,0,2,484,0,105900
355,60,8400,6,5,0,388,552,940,1192,403,1595,0,1,0,2,1,6,2,1,240,0,140000
356,105,11249,6,5,0,334,322,1200,1200,0,1200,1,2,0,3,1,6,0,2,521,26,177500
358,44,4224,5,5,0,874,268,1142,1142,0,1142,1,1,1,3,1,6,1,2,528,90,134000
359,92,6930,5,4,120,300,468,1062,1352,0,1352,0,1,0,3,1,6,0,1,288,0,130000
360,78,12011,8,5,530,956,130,1086,1086,838,1924,1,2,1,3,1,7,1,2,592,75,280000
363,64,7301,7,5,500,0,0,0,495,1427,1922,0,3,0,4,1,7,1,2,672,0,198500
364,21,1680,6,8,510,162,321,483,483,504,987,0,1,1,2,1,5,0,1,264,0,118000
366,59,10690,5,7,0,456,216,672,672,672,1344,0,1,0,3,1,6,0,1,468,128,147000
368,101,9150,6,5,305,371,728,1099,1431,0,1431,0,1,0,3,1,6,1,1,296,110,165000
369,78,7800,5,6,200,540,728,1268,1268,0,1268,0,1,0,2,1,7,1,1,244,98,132000
372,80,17120,4,4,0,0,0,0,1120,468,1588,0,2,0,4,1,7,1,2,680,59,134432
373,50,7175,6,5,0,623,0,744,752,0,752,1,1,0,2,1,4,0,1,264,0,125000
374,79,10634,5,6,0,428,0,608,1319,0,1319,1,1,0,3,1,5,0,1,270,0,123000
375,65,8200,7,5,0,0,847,847,847,1081,1928,0,2,1,4,1,8,1,2,434,48,219500
377,57,8846,5,5,0,298,572,870,914,0,914,0,1,0,2,1,5,0,2,576,0,148000
378,102,11143,8,5,0,0,1580,1580,1580,886,2466,0,3,0,4,1,8,1,2,610,214,340000
379,88,11394,9,2,350,1445,411,1856,1856,0,1856,1,1,1,1,1,8,1,3,834,0,394432
380,60,8123,6,5,16,0,982,982,1007,793,1800,0,2,1,3,1,7,1,2,463,63,179000
381,50,5000,5,6,0,218,808,1026,1026,665,1691,0,2,0,3,1,6,1,1,308,0,127000
382,60,7200,7,5,0,0,1293,1293,1301,0,1301,1,2,0,2,1,5,1,2,572,121,187750
383,79,9245,7,5,0,0,939,939,939,858,1797,0,2,1,3,1,8,0,2,639,53,213500
384,60,9000,6,3,0,0,784,784,784,0,784,0,1,0,2,1,5,0,2,360,0,76000
386,43,3182,8,5,16,24,1232,1256,1269,0,1269,0,2,0,2,1,6,1,2,430,20,192000
388,72,7200,6,6,255,631,410,1041,1125,0,1125,1,1,0,3,1,6,1,1,352,0,125000
389,93,9382,7,5,125,0,1468,1468,1479,0,1479,0,2,0,3,1,6,0,2,577,25,191000
390,96,12474,10,5,272,1280,402,1682,1742,590,2332,1,2,1,3,1,9,1,3,846,134,426000
391,50,8405,5,8,0,241,229,861,961,406,1367,1,1,0,4,1,7,0,1,384,130,119000
392,71,12209,6,5,0,690,114,804,804,1157,1961,1,2,1,3,1,7,1,2,560,192,215000
395,60,10134,5,6,0,0,735,735,735,299,1034,0,1,0,2,1,5,0,1,240,39,109000
396,68,9571,5,6,0,739,405,1144,1144,0,1144,1,1,0,3,1,6,0,1,596,0,129000
397,60,7200,5,5,0,777,117,894,894,0,894,0,1,0,2,1,6,0,2,600,0,123000
398,69,7590,5,5,288,540,324,864,876,936,1812,0,2,0,4,1,8,1,1,264,168,169500
399,60,8967,5,2,0,0,961,961,1077,0,1077,0,1,0,2,1,6,0,1,338,0,67000
400,65,8125,7,5,100,812,280,1092,1112,438,1550,1,2,0,2,1,7,0,2,438,168,241000
401,38,14963,8,5,0,786,474,1260,1288,0,1288,1,1,1,1,1,4,2,2,500,30,245500
402,65,8767,7,5,0,24,1286,1310,1310,0,1310,0,2,0,3,1,6,1,2,400,0,164990
403,60,10200,5,8,0,0,672,672,672,0,672,0,1,0,2,1,4,0,1,240,0,108000
404,93,12090,8,5,650,0,1141,1141,1165,1098,2263,0,2,1,4,1,10,1,2,420,123,258000
407,51,10480,6,5,0,0,1064,1064,1166,0,1639,0,1,0,3,1,6,0,1,240,0,115000
408,63,15576,6,7,0,0,840,840,840,840,1680,0,2,0,4,1,8,0,1,308,0,177000
409,109,14154,7,5,350,0,1063,1063,1071,1101,2172,0,2,1,3,1,9,1,3,947,62,280000
410,85,10800,8,5,100,789,245,1034,1050,1028,2078,1,2,1,3,1,8,1,3,836,102,339750
411,68,9571,5,3,0,0,1276,1276,1276,0,1276,0,1,0,3,1,5,0,1,350,0,60000
412,100,34650,5,5,0,1056,0,1056,1056,0,1056,1,1,0,3,1,5,0,2,572,0,145000
414,56,8960,5,6,0,0,1008,1008,1028,0,1028,0,1,0,2,1,5,1,2,360,0,115000
415,59,11228,7,5,0,50,499,1080,1080,1017,2097,0,2,1,3,1,9,1,3,678,187,228000
416,73,8899,7,5,0,24,1316,1340,1340,0,1340,0,2,0,3,1,6,0,2,396,30,181134
417,74,7844,6,7,203,209,463,672,672,728,1400,0,1,1,3,1,6,1,2,440,0,149500
418,86,22420,6,6,0,1128,242,1370,1370,1254,2624,1,2,1,4,1,10,1,3,864,0,239000
419,60,8160,5,6,0,312,444,756,756,378,1134,1,1,1,3,1,7,0,1,240,0,126000
420,65,8450,5,6,0,775,281,1056,1056,0,1056,1,1,0,3,1,6,1,1,304,85,142000
421,78,7060,7,5,200,1309,35,1344,1344,0,1344,2,2,0,2,2,8,0,4,784,0,206300
423,100,21750,5,5,0,0,988,988,988,0,988,0,1,0,2,1,4,0,2,520,0,113000
424,80,9200,8,5,473,986,484,1470,1470,1160,2630,1,2,1,4,1,8,1,3,696,66,315000
425,72,9000,6,5,74,616,580,1196,1196,0,1196,1,1,0,2,1,6,1,1,297,44,139000
426,60,3378,7,8,0,0,651,651,707,682,1389,0,1,1,3,1,6,2,1,240,0,135000
428,77,8593,4,6,0,288,619,907,907,0,907,0,1,0,3,1,5,0,1,352,0,109008
429,64,6762,7,5,108,664,544,1208,1208,0,1208,1,2,0,2,1,6,0,2,628,54,195400
430,130,11457,6,5,0,1005,387,1392,1412,0,1412,1,2,0,3,1,6,1,2,576,0,175000
431,21,1680,6,5,232,387,96,483,483,504,987,0,1,1,2,1,4,0,1,264,0,85400
433,24,1920,5,5,376,471,294,765,765,600,1365,1,1,1,2,1,6,0,2,440,36,122500
434,100,10839,6,5,0,0,926,926,926,678,1604,0,2,1,3,1,7,1,2,470,36,181000
436,43,10667,7,6,0,385,70,799,827,834,1661,1,2,1,3,1,6,1,2,550,61,212000
437,40,4400,6,8,0,0,648,648,734,384,1118,0,1,0,2,1,6,0,2,440,0,116000
438,50,6000,6,7,0,0,884,884,904,0,904,0,1,0,2,1,4,0,1,180,0,119000
439,40,4280,5,6,0,365,75,440,694,0,694,0,1,0,2,1,4,1,1,352,0,90350
440,67,12354,6,8,0,0,684,684,684,512,1196,0,1,0,3,1,7,0,2,528,46,110000
441,105,15431,10,5,200,1767,788,3094,2402,0,2402,1,2,0,2,1,10,2,3,672,72,555000
443,52,6240,5,7,0,0,1078,1078,1128,445,1573,0,2,0,3,1,8,1,2,360,0,162900
444,53,3922,7,5,72,0,1258,1258,1258,0,1258,0,2,0,2,1,6,1,3,648,16,172500
445,70,8750,7,5,0,642,273,915,933,975,1908,1,2,1,4,1,8,1,2,493,133,210000
446,73,9855,6,5,0,0,1436,1436,1689,0,1689,0,1,0,3,1,7,1,2,480,0,127500
447,137,16492,6,6,0,247,557,1517,1888,0,1888,0,2,1,2,1,6,1,2,578,0,190000
449,50,8600,6,6,0,0,780,780,780,596,1376,0,2,0,3,1,7,1,1,198,0,119500
450,50,6000,3,7,0,331,318,649,679,504,1183,0,1,1,2,1,6,0,1,308,176,120000
451,70,5684,6,8,0,0,813,813,813,0,813,0,1,0,2,1,5,0,1,270,113,110000
452,62,70761,7,5,0,655,878,1533,1533,0,1533,1,2,0,2,1,5,2,2,576,54,280000
454,75,9000,8,5,0,0,768,768,786,804,1590,0,2,1,3,1,6,0,2,676,30,210000
455,63,9297,5,5,0,1606,122,1728,1728,0,1728,2,2,0,4,2,8,0,2,560,0,188000
456,80,9600,7,6,320,916,326,1242,1242,0,1242,0,1,1,3,1,6,1,2,528,0,175500
457,34,4571,5,5,0,0,624,624,624,720,1344,0,1,0,4,1,7,0,3,513,0,98000
461,75,8004,8,5,110,544,288,832,832,1103,1935,1,2,1,3,1,8,0,2,552,150,263435
462,60,7200,7,9,0,350,0,560,575,560,1135,1,1,0,3,1,6,0,2,576,0,155000
463,60,8281,5,5,0,553,0,864,864,0,864,0,1,0,3,1,5,1,1,360,0,62383
464,74,11988,6,7,0,326,389,715,849,811,1660,0,1,1,3,1,6,1,1,240,0,188700
467,85,10628,7,5,0,778,499,1277,1277,0,1277,1,1,0,2,1,5,1,2,526,0,167000
468,79,9480,5,7,224,386,342,728,888,756,1644,0,1,1,3,1,7,2,1,312,0,146500
469,98,11428,8,5,248,0,1626,1626,1634,0,1634,0,2,0,3,1,7,1,3,866,44,250000
470,76,9291,6,5,120,426,406,832,832,878,1710,0,2,1,3,1,7,0,2,506,70,187000
472,92,11952,7,6,0,0,808,808,1161,808,1969,0,2,1,3,1,8,1,2,534,0,190000
473,35,3675,6,5,80,459,88,547,1072,0,1072,1,1,0,2,1,5,0,2,525,28,148000
474,110,14977,8,5,304,1350,626,1976,1976,0,1976,1,2,0,2,1,7,1,3,908,63,440000
475,41,5330,8,5,0,1196,298,1494,1652,0,1652,1,2,0,2,1,6,0,2,499,48,251000
476,80,8480,5,6,0,630,340,970,970,0,970,1,1,0,2,1,5,0,2,624,24,132500
477,75,13125,6,5,215,994,484,1478,1493,0,1493,1,2,0,3,1,7,1,2,508,39,208900
478,105,13693,9,5,772,0,2153,2153,2069,574,2643,0,2,1,3,1,9,1,3,694,84,380000
479,79,10637,8,5,336,1288,417,1705,1718,0,1718,1,2,0,3,1,7,1,3,826,44,297000
480,50,5925,4,7,435,168,739,907,1131,0,1131,0,1,0,2,1,7,0,2,672,72,89471
481,98,16033,9,5,378,1261,572,1833,1850,0,1850,1,2,0,3,1,8,1,3,772,112,326000
482,72,11846,9,5,562,1567,225,1792,1792,0,1792,1,2,0,2,1,6,1,3,874,49,374000
483,50,2500,7,8,0,299,611,910,916,910,1826,1,1,1,4,1,7,1,1,164,0,155000
484,32,4500,6,5,116,897,319,1216,1216,0,1216,1,2,0,2,1,5,0,2,402,125,164000
486,80,9600,5,7,0,607,506,1113,1113,0,1113,0,1,0,3,1,5,1,1,264,80,147000
487,79,10289,5,7,168,836,237,1073,1073,0,1073,1,1,1,3,1,6,0,2,515,0,156000
488,70,12243,5,6,0,998,486,1484,1484,0,1484,0,2,0,3,1,7,1,2,487,0,175000
489,60,10800,5,4,0,664,290,954,1766,648,2414,0,2,0,3,2,10,1,2,520,0,160000
490,21,1526,4,8,0,515,115,630,630,0,630,1,1,0,1,1,3,0,1,286,0,86000
492,79,9490,6,7,0,403,238,806,958,620,1578,1,1,0,3,1,5,2,1,240,0,133000
493,105,15578,6,5,0,0,728,728,728,728,1456,0,2,1,3,1,8,0,2,429,0,172785
494,70,7931,5,6,0,374,363,1269,1269,0,1269,0,1,1,3,1,6,1,1,308,0,155000
495,50,5784,5,8,0,0,190,190,886,0,886,0,1,0,2,1,4,0,1,273,20,91300
498,60,9120,7,6,0,329,697,1026,1133,687,1820,1,2,0,4,1,8,0,1,240,100,184000
499,65,7800,5,7,89,450,414,864,899,0,899,0,1,0,3,1,5,0,1,288,0,130000
500,70,7535,5,7,0,111,522,912,912,0,912,0,1,0,2,1,5,0,1,297,285,120000
501,21,1890,6,5,285,356,316,672,672,546,1218,0,1,1,3,1,7,0,1,264,28,113000
502,75,9803,7,5,0,400,466,866,866,902,1768,0,2,1,3,1,7,0,2,603,108,226700
503,70,9170,5,7,0,698,420,1214,1214,0,1214,1,1,0,2,1,6,0,2,461,0,140000
504,100,15602,7,8,0,1247,254,1501,1801,0,1801,1,2,0,1,1,6,2,2,484,54,289000
505,24,2308,6,5,0,257,103,855,855,467,1322,0,2,1,3,1,6,1,2,440,0,147000
506,60,7596,5,5,360,0,960,960,960,1000,1960,0,2,0,4,2,10,0,2,400,0,124500
507,80,9554,8,5,125,380,397,777,1065,846,1911,0,2,1,3,1,8,1,2,471,81,215000
508,75,7862,6,5,0,27,1191,1218,1218,0,1218,0,2,0,2,1,4,0,2,676,102,208300
509,60,9600,7,9,0,141,548,689,689,689,1378,0,2,0,3,1,7,1,2,360,0,161000
510,80,9600,5,6,132,991,50,1041,1041,0,1041,1,1,0,3,1,6,0,1,270,88,124500
511,75,14559,5,7,70,650,178,1008,1363,0,1363,1,1,0,2,1,6,2,1,288,42,164900
512,40,6792,7,5,94,0,1368,1368,1368,0,1368,0,2,0,2,1,6,1,2,474,35,202665
513,70,9100,5,5,0,521,169,864,864,0,864,1,1,0,3,1,5,0,2,624,0,129900
514,71,9187,6,5,0,336,748,1084,1080,0,1080,0,1,1,3,1,5,0,2,484,0,134000
515,55,10594,5,5,0,0,768,768,789,0,789,0,1,0,2,1,5,0,1,200,0,96500
516,94,12220,10,5,305,1436,570,2006,2020,0,2020,1,2,1,3,1,9,1,3,900,54,402861
518,79,10208,7,5,921,0,1264,1264,1277,1067,2344,0,2,1,3,1,7,1,3,889,0,265000
520,53,10918,7,9,0,0,1276,1276,1276,804,2080,0,1,1,3,1,9,2,1,282,0,234000
522,90,11988,6,6,0,777,467,1244,1244,0,1244,0,1,1,3,1,6,2,1,336,40,150000
523,50,5000,6,7,0,399,605,1004,1004,660,1664,0,2,0,3,1,7,2,2,420,24,159000
524,130,40094,10,5,762,2260,878,3138,3138,1538,4676,1,3,1,3,1,11,1,3,884,406,184750
525,95,11787,7,5,594,719,660,1379,1383,1015,2398,1,2,1,3,1,8,1,3,834,60,315750
526,62,7500,7,5,0,0,1257,1257,1266,0,1266,0,2,0,3,1,6,1,2,453,144,176000
527,70,13300,5,7,0,377,551,928,928,0,928,0,1,0,2,1,4,0,1,252,0,132000
528,67,14948,9,5,268,1330,122,1452,1476,1237,2713,1,2,1,3,1,11,1,3,858,66,446261
531,85,10200,6,5,219,783,678,1461,1509,0,1509,1,2,0,3,1,5,1,2,600,0,175000
532,60,6155,6,8,0,0,611,611,751,611,1362,0,2,0,3,1,6,0,2,502,0,128000
533,60,7200,5,7,0,0,0,0,827,0,827,0,1,0,2,1,5,1,1,392,0,107500
535,74,9056,8,5,0,0,707,707,707,707,1414,0,2,1,3,1,6,1,2,403,35,178000
537,57,8924,7,5,0,0,880,880,880,844,1724,0,2,1,3,1,8,0,2,527,155,188000
541,85,14601,9,5,584,1260,578,1838,1838,0,1838,1,2,0,2,1,8,1,3,765,68,315000
543,78,10140,7,5,0,144,379,1650,1680,0,1680,1,2,0,3,1,7,1,2,583,73,213250
544,34,4058,7,5,182,584,0,723,767,0,767,1,1,0,1,1,4,0,1,367,40,133000
545,58,17104,7,5,0,554,100,654,664,832,1496,1,2,1,3,1,7,1,2,426,24,179665
547,70,8737,6,7,0,300,765,1065,915,720,1635,0,1,1,3,1,6,1,2,440,38,210000
548,54,7244,5,7,0,619,149,768,768,0,768,1,1,0,2,1,5,0,2,624,0,129500
549,49,8235,5,7,0,180,0,825,825,0,825,1,1,0,2,1,4,0,2,720,50,125000
550,75,9375,7,5,0,0,912,912,912,1182,2094,0,2,1,4,1,8,1,2,615,182,263000
551,53,4043,6,6,0,559,510,1069,1069,0,1069,0,2,0,2,1,4,0,2,440,55,140000
552,50,6000,5,6,0,308,620,928,928,0,928,0,1,0,3,1,5,0,1,288,0,112500
553,87,11146,8,5,250,0,1709,1709,1717,0,1717,0,2,0,3,1,7,1,3,908,39,255500
554,67,8777,4,5,0,0,0,0,1126,0,1126,0,2,0,2,1,5,0,2,520,96,108000
555,85,10625,7,5,292,866,132,998,1006,1040,2046,1,2,1,3,1,8,1,3,871,62,284000
556,58,6380,5,6,0,0,993,993,1048,0,1048,0,1,0,2,1,5,1,1,280,0,113000
557,69,14850,5,5,0,895,197,1092,1092,0,1092,1,1,0,2,1,6,1,1,299,0,141000
558,60,11040,4,6,0,637,0,637,897,439,1336,0,1,1,3,1,7,0,1,570,47,108000
559,57,21872,7,5,0,604,125,729,729,717,1446,0,2,1,3,1,6,1,2,406,22,175000
562,77,10010,5,5,0,1071,195,1389,1389,0,1389,1,1,0,2,1,6,1,2,418,38,170000
564,66,21780,6,7,0,0,1163,1163,1163,511,1674,0,2,0,4,1,8,1,2,396,36,185000
566,66,6858,6,4,0,0,806,806,841,806,1647,1,1,1,4,1,6,0,1,216,66,128000
567,77,11198,9,5,245,0,1122,1122,1134,1370,2504,0,2,1,4,1,11,1,3,656,39,325000
568,70,10171,7,5,168,2,1515,1517,1535,0,1535,0,2,0,3,1,7,0,2,532,0,214000
569,79,12327,8,8,0,1441,55,1496,1496,636,2132,1,1,1,1,1,5,1,2,612,40,316600
571,74,13101,5,5,108,231,1497,1728,1728,0,1728,0,2,0,6,2,10,0,2,576,0,142600
572,60,7332,6,6,207,414,450,864,864,0,864,1,1,0,2,1,4,0,1,288,0,120000
573,83,13159,7,5,0,0,846,846,846,846,1692,0,2,1,3,1,6,0,2,650,114,224500
574,76,9967,7,5,0,0,384,384,774,656,1430,0,2,1,3,1,8,1,2,400,0,170000
575,70,10500,5,7,82,349,23,372,576,533,1109,0,1,0,3,1,5,0,1,288,0,139000
576,80,8480,5,5,0,442,390,832,832,384,1216,0,1,0,2,1,6,0,1,336,0,118500
577,52,6292,7,7,0,0,861,861,877,600,1477,0,2,0,3,1,6,1,1,216,50,145000
578,96,11777,5,6,97,328,285,1164,1320,0,1320,1,1,0,3,1,6,2,2,564,68,164500
579,34,3604,7,5,0,0,689,689,703,689,1392,0,2,0,2,1,5,0,2,540,102,146000
580,81,12150,5,5,335,0,1050,1050,1050,745,1795,0,2,0,4,1,7,0,1,352,0,131500
582,98,12704,8,5,306,0,2042,2042,2042,0,2042,0,2,1,3,1,8,1,3,1390,90,253293
584,75,13500,10,9,0,0,1237,1237,1521,1254,2775,0,3,1,3,1,9,1,2,880,502,325000
585,51,6120,4,7,0,0,884,884,989,584,1573,0,1,0,3,1,6,0,1,240,0,133000
586,88,11443,8,5,208,1460,408,1868,2028,0,2028,1,2,0,2,1,7,2,3,880,66,369900
587,55,10267,6,7,0,210,0,816,838,0,838,1,1,0,2,1,5,0,1,275,0,130000
588,74,8740,5,6,0,672,168,840,860,0,860,1,1,0,2,1,4,0,2,528,0,137000
589,65,25095,5,8,0,1324,113,1437,1473,0,1473,2,1,0,1,1,5,2,1,452,48,143000
590,50,9100,5,6,0,0,742,742,779,0,935,0,1,0,2,1,4,0,1,308,0,79500
591,64,8320,7,5,0,490,280,770,770,812,1582,0,2,1,3,1,6,0,2,520,45,185900
592,97,13478,10,5,420,1338,384,1722,1728,568,2296,1,2,1,3,1,10,1,3,842,274,451950
593,60,6600,5,8,0,816,0,816,816,0,816,1,1,0,2,1,4,0,2,816,0,138000
595,88,7990,5,6,0,0,924,924,924,0,924,0,1,0,3,1,5,0,1,280,0,110000
596,69,11302,8,5,238,1422,392,1814,1826,0,1826,1,2,0,3,1,7,1,3,758,75,319000
597,60,3600,6,7,0,0,684,684,684,684,1368,0,1,0,3,1,7,0,1,216,158,114504
598,53,3922,7,5,72,0,1258,1258,1402,0,1402,0,0,2,2,1,7,1,3,648,16,194201
599,80,12984,5,6,459,1283,0,1430,1647,0,1647,1,2,0,3,1,7,1,2,621,0,217500
600,24,1950,6,6,0,81,23,716,716,840,1556,1,2,1,3,1,6,1,2,452,0,151000
601,74,10927,8,5,280,546,512,1058,1058,846,1904,1,2,1,3,1,8,1,2,736,60,275000
602,50,9000,6,6,0,0,780,780,780,595,1375,0,1,1,3,1,6,1,1,544,162,141000
603,80,10041,8,5,0,789,119,908,927,988,1915,1,2,1,3,1,8,1,2,506,150,220000
604,30,3182,7,5,0,0,600,600,600,600,1200,0,2,1,2,1,4,0,2,480,172,151000
605,88,12803,7,5,99,922,572,1494,1494,0,1494,1,2,0,3,1,6,1,2,530,36,221000
606,85,13600,7,6,176,454,314,768,1186,800,1986,0,2,1,3,1,7,3,2,486,42,205000
607,82,12464,5,5,0,732,308,1040,1040,0,1040,1,1,0,3,1,6,0,2,576,0,152000
608,78,7800,5,8,0,603,293,896,1112,896,2008,1,3,0,3,1,8,0,1,230,0,225000
609,78,12168,8,6,0,428,537,965,1940,1254,3194,0,2,1,4,1,10,2,2,380,0,359100
610,61,7943,4,5,192,903,126,1029,1029,0,1029,1,1,0,3,1,5,0,1,261,0,118500
616,80,8800,6,7,156,763,173,936,1054,0,1054,1,1,0,3,1,6,0,2,480,0,137500
618,59,7227,6,6,0,0,832,832,832,0,832,0,1,0,2,1,4,0,2,528,0,105500
619,90,11694,9,5,452,48,1774,1822,1828,0,1828,0,2,0,3,1,9,1,3,774,108,314813
620,85,12244,8,5,226,871,611,1482,1482,780,2262,1,2,1,4,1,10,2,3,749,0,305000
622,90,10800,6,7,0,956,384,1522,1548,1066,2614,0,2,1,4,1,9,1,2,624,243,240000
623,71,7064,5,6,153,560,420,980,980,0,980,0,1,0,3,1,6,0,2,484,0,135000
625,80,10400,6,5,288,247,485,732,1012,778,1790,1,1,2,4,1,8,1,2,484,0,165150
626,87,10000,6,6,261,0,1116,1116,1116,0,1116,0,1,1,3,1,5,0,2,440,0,160000
628,80,9600,6,6,164,674,350,1156,1520,0,1520,1,1,0,3,1,7,2,1,364,0,153000
629,70,11606,5,5,192,650,390,1040,1040,1040,2080,0,1,2,5,1,9,2,2,504,0,135000
630,82,9020,6,5,259,624,288,1248,1350,0,1350,1,1,1,3,1,6,0,2,520,0,168500
631,50,9000,5,6,0,0,636,636,1089,661,1750,0,1,0,3,1,8,0,1,240,0,124000
632,34,4590,8,5,108,24,1530,1554,1554,0,1554,0,2,0,2,1,6,1,2,627,73,209500
633,85,11900,7,5,209,822,564,1386,1411,0,1411,0,2,0,3,1,6,1,2,544,0,82500
634,80,9250,5,7,0,480,108,1056,1056,0,1056,0,1,0,3,1,6,0,1,260,0,139400
635,64,6979,6,5,0,1056,0,1056,1056,0,1056,2,0,0,0,2,4,0,2,576,56,144000
638,50,6000,5,4,0,0,811,811,811,576,1387,0,2,0,3,2,7,0,1,256,0,93000
640,53,3982,8,5,0,1154,366,1520,1567,0,1567,1,2,0,1,1,7,1,3,648,0,264561
641,62,12677,8,5,472,1218,300,1518,1518,0,1518,0,1,1,1,1,6,1,2,588,140,274000
643,75,13860,8,7,0,1410,542,1952,2000,704,2704,1,2,1,4,1,9,3,2,538,111,345000
644,80,10793,5,5,263,493,0,780,780,840,1620,0,2,1,4,1,7,0,2,462,0,152000
645,85,9187,9,5,162,1121,645,1766,1766,0,1766,1,2,1,2,1,7,1,3,478,130,370878
647,60,7200,5,5,0,0,0,0,1048,0,1048,0,1,0,3,1,7,0,2,420,27,98300
648,85,10452,6,5,216,500,594,1094,1094,0,1094,0,1,0,3,1,5,2,2,495,0,155000
649,70,7700,6,5,351,0,756,756,1051,788,1839,0,1,1,4,1,7,1,2,442,124,155000
652,60,9084,4,5,0,0,755,755,755,755,1510,1,1,0,4,1,7,1,1,296,0,108000
653,70,8750,7,5,0,0,880,880,909,807,1716,0,2,1,2,1,7,1,2,512,120,191000
654,60,10320,6,7,0,0,756,756,756,713,1469,0,1,0,3,1,7,0,1,216,0,135000
655,91,10437,8,6,660,1696,413,2109,2113,0,2113,1,2,1,2,1,7,1,3,839,46,350000
656,21,1680,6,5,381,0,525,525,525,567,1092,0,1,1,3,1,6,0,1,264,0,88000
657,72,10007,5,7,54,806,247,1053,1053,0,1053,1,1,1,3,1,5,0,1,312,0,145500
658,60,7200,7,6,0,0,776,776,851,651,1502,0,1,1,3,1,6,1,1,270,0,149000
659,78,17503,6,5,0,0,912,912,912,546,1458,0,1,0,3,1,6,1,1,330,0,97500
660,75,9937,5,7,0,637,849,1486,1486,0,1486,1,1,0,3,1,7,0,2,480,0,167000
662,52,46589,8,7,528,1361,88,1629,1686,762,2448,1,2,1,4,1,8,1,3,711,76,402000
663,120,13560,6,3,216,0,1392,1392,1392,0,1392,1,1,0,2,1,5,2,2,576,0,110000
664,90,10012,4,5,0,920,38,1138,1181,0,1181,1,2,0,3,1,6,0,2,588,0,137500
665,49,20896,8,5,0,1721,356,2077,2097,0,2097,1,1,1,1,1,8,1,3,1134,267,423000
666,106,11194,8,5,40,0,1406,1406,1454,482,1936,0,2,1,3,1,7,1,2,504,124,230500
668,65,8125,6,5,258,1138,270,1408,1679,0,1679,1,2,0,3,1,7,1,2,575,42,193500
670,80,11600,4,5,0,0,700,700,1180,0,1180,0,1,0,2,1,5,1,1,252,0,137500
671,64,8633,6,5,0,193,545,738,738,738,1476,1,2,1,3,1,7,0,2,540,35,173500
672,54,6629,6,6,0,551,121,672,697,672,1369,1,2,0,3,1,6,0,1,300,0,103600
674,110,14442,6,7,106,1186,291,1477,1839,0,1839,1,2,0,3,1,7,2,2,416,87,257500
675,80,9200,6,6,0,892,244,1136,1136,0,1136,1,1,0,3,1,5,1,1,384,0,140000
676,24,2289,6,6,0,311,544,855,855,586,1441,0,2,1,3,1,7,1,2,440,0,148500
677,60,9600,4,2,0,0,1095,1095,1095,679,1774,1,2,0,4,2,8,0,3,779,0,87000
678,52,9022,5,8,0,0,768,768,792,0,792,0,1,0,2,1,5,0,1,240,0,109500
679,80,11844,8,5,464,0,2046,2046,2046,0,2046,0,2,1,3,1,7,1,3,834,82,372500
681,50,8012,6,5,0,543,261,923,923,0,923,0,2,0,2,1,5,1,1,264,0,143000
682,55,4500,5,5,0,182,611,793,848,672,1520,0,1,0,3,1,6,0,1,281,0,159434
684,90,11248,9,5,215,1059,567,1626,1668,0,1668,1,2,0,3,1,7,1,3,702,45,285000
685,58,16770,7,5,30,0,1195,1195,1195,644,1839,0,2,1,4,1,7,0,2,486,81,221000
687,84,10207,7,6,0,0,874,874,874,887,1761,0,3,0,3,1,7,0,2,578,105,227875
689,60,8089,8,6,0,945,474,1419,1419,0,1419,1,2,0,2,1,7,1,2,567,0,392000
690,61,7577,6,5,256,20,1342,1362,1362,0,1362,0,2,0,2,1,6,1,2,460,28,194700
692,104,21535,10,6,1170,1455,989,2444,2444,1872,4316,0,3,1,4,1,10,2,3,832,50,755000
693,42,26178,7,5,293,965,245,1210,1238,1281,2519,1,2,1,4,1,9,2,2,628,27,335000
694,60,5400,5,6,0,0,1073,1073,1073,0,1073,0,1,0,2,1,4,0,1,326,0,108480
695,51,6120,5,6,0,0,927,927,1067,472,1539,0,1,1,3,1,5,0,2,576,0,141500
696,54,13811,6,6,72,980,92,1112,1137,0,1137,1,2,0,2,1,5,1,2,551,0,176000
697,50,6000,5,7,0,616,0,616,616,0,616,0,1,0,2,1,4,0,1,205,0,89000
698,57,6420,5,7,0,210,219,980,1148,0,1148,0,1,0,2,1,6,0,1,308,0,123500
699,65,8450,5,8,0,553,224,894,894,0,894,1,1,0,3,1,5,1,1,336,144,138500
700,59,4282,7,5,0,16,1375,1391,1391,0,1391,0,2,0,2,1,5,0,2,530,158,196000
701,85,14331,8,5,630,1274,526,1800,1800,0,1800,1,2,0,3,1,7,1,3,765,78,312500
702,80,9600,7,5,168,0,1164,1164,1164,0,1164,0,1,1,3,1,6,0,2,528,0,140000
703,82,12438,8,5,466,0,1234,1234,1264,1312,2576,0,2,1,4,1,10,1,3,666,100,361919
704,76,7630,5,9,0,0,360,360,1032,780,1812,0,2,0,4,2,8,1,2,672,0,140000
705,70,8400,7,5,109,712,761,1473,1484,0,1484,1,2,0,3,1,7,0,2,606,35,213000
708,48,6240,8,5,176,863,461,1324,1324,0,1324,1,2,0,2,1,6,1,2,550,38,254000
709,65,9018,7,5,0,0,728,728,728,728,1456,0,2,1,3,1,8,1,2,400,24,179540
712,66,8712,4,7,0,0,859,859,859,319,1178,0,1,0,2,1,7,0,1,384,0,102776
713,40,4671,8,5,0,767,461,1228,1228,0,1228,1,2,0,2,1,5,1,2,472,120,189000
714,60,9873,4,5,160,789,171,960,960,0,960,1,1,0,3,1,6,0,2,576,288,129000
716,78,10140,6,5,174,0,1064,1064,1350,0,1350,0,2,0,3,1,7,1,2,478,0,165000
717,60,10800,7,8,0,0,718,718,1576,978,2554,0,1,1,3,1,8,0,2,704,48,159500
718,80,10000,5,6,0,1084,92,1176,1178,0,1178,0,1,1,3,1,5,1,2,439,0,157000
719,96,10542,7,5,651,1173,138,1311,1325,1093,2418,1,2,1,3,1,9,1,3,983,154,341000
720,69,9920,5,6,0,523,448,971,971,0,971,0,1,1,3,1,5,1,1,300,0,128500
723,70,8120,4,7,0,191,673,864,864,0,864,0,1,0,3,1,5,0,2,463,0,124500
724,60,8172,4,6,0,0,941,941,997,473,1470,0,2,0,4,1,7,0,1,548,0,135000
725,86,13286,9,5,340,1234,464,1698,1698,0,1698,1,2,0,3,1,8,1,3,768,64,320000
726,60,6960,4,6,0,375,250,864,864,0,864,0,1,0,3,1,5,0,2,660,0,120500
728,64,7314,7,5,82,724,508,1232,1232,0,1232,1,2,0,2,1,6,0,2,632,0,194500
729,85,11475,5,5,95,0,1584,1584,1776,0,1776,1,2,0,4,2,9,0,3,888,25,110000
730,52,6240,4,5,0,152,628,780,848,0,1208,0,1,0,2,1,5,0,2,539,23,103000
731,39,5389,8,5,0,1180,415,1595,1616,0,1616,1,2,0,2,1,5,1,2,608,152,236500
732,73,9590,7,5,442,786,82,868,1146,0,1146,1,2,0,3,1,6,1,2,438,22,187500
733,75,11404,7,5,202,252,901,1153,1153,878,2031,0,2,1,3,1,8,1,2,541,84,222500
734,80,10000,5,6,0,594,270,864,1144,0,1144,1,1,0,3,1,6,1,1,264,0,131400
736,60,10800,7,7,0,390,490,880,880,888,1768,0,1,1,2,1,6,2,2,320,341,163000
737,60,8544,3,4,0,0,0,0,1040,0,1040,0,2,0,2,2,6,0,2,400,0,93500
738,72,10463,8,5,0,0,893,893,901,900,1801,0,2,1,3,1,8,1,3,800,116,239900
740,65,9313,7,5,0,0,864,864,864,864,1728,0,2,1,3,1,7,0,2,572,56,190000
741,60,9600,5,7,0,0,264,264,768,664,1432,0,2,0,2,1,7,0,2,360,0,132000
742,65,6768,6,8,0,832,80,912,912,0,912,1,1,0,3,1,5,0,1,288,0,142000
743,65,8450,7,5,108,0,1349,1349,1349,0,1349,0,2,0,3,1,6,0,2,539,55,179000
744,70,12886,5,6,0,444,76,520,1464,0,1464,0,2,0,3,1,6,1,2,480,0,175000
745,41,5395,8,5,0,733,604,1337,1337,0,1337,1,2,0,2,1,5,1,2,462,0,180000
748,65,11700,7,7,0,0,1240,1240,1320,1320,2640,0,1,1,4,1,8,1,4,864,0,265979
749,59,10593,7,5,338,919,801,1720,1720,0,1720,1,2,0,3,1,7,1,2,527,56,260400
750,50,8405,4,3,0,0,0,0,1088,441,1529,0,2,0,4,1,9,0,1,240,0,98000
753,79,9236,6,5,0,1200,279,1479,1494,0,1494,1,2,0,3,1,6,0,2,576,27,217000
754,80,10240,8,5,178,0,1030,1030,1038,1060,2098,0,2,1,3,1,8,1,3,878,52,275500
755,61,7930,6,8,0,439,115,1026,1026,0,1026,1,1,0,3,1,5,0,2,440,48,156000
756,34,3230,6,5,894,381,348,729,742,729,1471,0,2,1,3,1,6,0,2,440,24,172500
757,68,10769,8,5,0,20,846,866,866,902,1768,0,2,1,3,1,7,0,2,578,105,212000
759,24,2280,7,5,360,549,195,744,757,744,1501,0,2,1,3,1,6,0,2,440,0,179400
760,65,12257,8,5,513,56,1198,1318,1328,1203,2531,0,2,1,4,1,9,1,3,752,98,290000
761,70,9100,6,6,0,612,252,864,864,0,864,0,1,0,2,1,5,0,1,300,0,127500
762,60,6911,5,5,0,405,740,1145,1301,0,1301,0,1,0,2,1,5,0,2,440,0,100000
763,72,8640,7,5,0,24,732,756,764,783,1547,0,2,1,3,1,7,0,2,614,45,215200
764,82,9430,8,5,673,1163,89,1252,1268,1097,2365,1,2,1,3,1,8,1,3,856,128,337000
765,30,9549,8,5,0,437,0,1494,1494,0,1494,1,1,1,2,1,6,1,2,481,30,270000
766,75,14587,9,5,284,0,1498,1498,1506,0,1506,0,2,0,2,1,6,1,2,592,174,264132
767,80,10421,7,5,42,394,586,980,980,734,1714,0,2,1,3,1,7,1,2,496,66,196500
768,75,12508,6,7,0,660,323,983,983,767,1750,1,2,0,4,1,7,0,1,423,0,160000
769,70,9100,7,5,0,24,1836,1860,1836,0,1836,0,2,0,3,1,8,1,2,484,33,216837
770,47,53504,8,5,603,1416,234,1650,1690,1589,3279,1,3,1,4,1,12,1,3,841,36,538000
772,67,8877,4,5,0,836,0,836,1220,0,1220,0,1,0,2,1,6,0,2,396,0,102000
773,94,7819,6,5,0,422,480,1029,1117,0,1117,1,1,0,3,1,6,1,2,672,0,107000
774,70,10150,5,5,1,456,456,912,912,0,912,0,1,0,2,1,5,0,1,275,0,114500
775,110,14226,8,5,375,0,1935,1935,1973,0,1973,0,2,0,3,1,9,1,3,895,45,395000
776,32,4500,6,5,320,866,338,1204,1204,0,1204,1,2,0,2,1,5,0,2,412,247,162000
777,86,11210,7,5,240,20,1594,1614,1614,0,1614,0,2,0,3,1,7,0,3,865,59,221500
778,100,13350,5,5,0,762,102,864,894,0,894,1,1,0,3,1,5,1,2,440,0,142500
779,60,8400,5,5,320,0,0,0,2020,0,2020,0,2,0,4,2,10,2,2,630,0,144000
780,78,10530,6,5,90,975,0,975,1004,0,1004,1,1,0,2,1,4,0,2,504,0,135000
781,63,7875,7,5,38,0,1237,1237,1253,0,1253,0,2,0,3,1,6,1,2,402,21,176000
782,65,7153,6,5,0,387,374,761,810,793,1603,0,2,1,3,1,7,0,2,484,124,175900
783,67,16285,7,5,0,0,1413,1413,1430,0,1430,0,2,0,3,1,6,0,2,605,33,187100
787,60,10800,5,6,0,686,0,686,966,686,1652,1,2,0,4,1,7,0,1,416,0,139000
788,76,10142,7,5,0,656,300,956,956,1128,2084,1,2,1,4,1,8,0,2,618,45,233000
789,50,6000,4,7,0,0,901,901,901,0,901,0,1,0,2,1,4,0,1,281,0,107900
791,43,3182,7,5,11,16,1129,1145,1145,0,1145,0,2,0,2,1,5,1,2,397,16,160200
793,92,9920,7,5,0,862,255,1117,1127,886,2013,1,2,1,3,1,8,1,2,455,130,269790
794,76,9158,8,5,140,0,1496,1496,1496,0,1496,0,2,0,3,1,7,0,2,474,130,225000
796,70,8400,6,6,130,0,650,650,888,676,1564,0,2,1,3,1,7,1,2,476,50,171000
797,71,8197,6,5,148,0,660,660,1285,0,1285,0,1,1,3,1,7,1,2,528,0,143500
798,57,7677,5,5,0,570,203,773,773,0,773,0,1,0,2,1,4,0,1,240,0,110000
799,104,13518,9,5,860,0,1926,1926,1966,1174,3140,0,3,1,4,1,11,2,3,820,78,485000
800,60,7200,5,7,252,569,162,731,981,787,1768,1,1,1,3,1,7,2,1,240,0,175000
801,79,12798,6,5,0,462,154,616,616,1072,1688,1,2,1,4,1,8,0,2,603,114,200000
802,40,4800,4,7,0,197,999,1196,1196,0,1196,1,1,0,2,1,5,0,2,440,0,109900
803,63,8199,7,5,0,648,80,728,728,728,1456,1,2,1,3,1,7,1,2,410,18,189000
804,107,13891,9,5,424,0,1734,1734,1734,1088,2822,0,3,1,4,1,12,1,3,1020,170,582933
805,75,9000,5,5,0,812,124,936,1128,0,1128,0,1,0,2,1,5,0,1,286,0,118000
806,91,12274,7,5,256,0,1417,1417,1428,0,1428,0,2,0,3,1,6,0,2,554,60,227680
807,75,9750,5,5,0,400,100,980,980,0,980,0,2,0,3,1,6,0,1,384,0,135500
808,144,21384,5,6,0,1309,15,1324,1072,504,1576,2,1,1,3,1,6,1,2,528,312,223500
809,85,13400,5,5,1047,516,380,1024,1086,0,1086,1,1,0,3,1,6,1,2,484,0,159950
810,90,8100,5,5,0,0,849,849,1075,1063,2138,0,2,0,2,3,11,0,2,360,156,106000
811,78,10140,6,6,99,663,0,1040,1309,0,1309,1,1,1,3,1,5,1,2,484,0,181000
813,66,8712,5,5,0,0,540,540,1044,0,1044,0,1,0,2,1,4,0,2,504,0,55993
814,75,9750,6,6,243,608,834,1442,1442,0,1442,0,1,1,4,1,7,0,1,301,0,157900
815,45,8248,5,7,0,0,686,686,686,564,1250,0,1,1,3,1,7,0,1,280,0,116000
816,48,12137,7,5,442,0,1649,1649,1661,0,1661,0,2,0,3,1,6,0,2,598,34,224900
819,80,8816,6,7,80,504,506,1010,1052,0,1052,1,1,0,3,1,6,0,2,440,0,155000
820,44,6371,7,5,128,733,625,1358,1358,0,1358,1,2,0,2,1,6,1,2,484,35,224000
821,72,7226,7,5,0,0,798,798,798,842,1640,0,2,1,3,1,6,0,2,595,45,183000
822,60,6000,4,4,0,0,936,936,936,0,936,0,1,0,2,1,4,0,2,576,32,93000
824,60,9900,6,7,0,0,778,778,944,545,1489,0,2,0,3,1,7,1,1,240,0,139500
825,81,11216,8,5,0,0,1489,1489,1489,0,1489,0,2,0,3,1,7,1,2,776,140,232600
826,114,14803,10,5,816,1636,442,2078,2084,0,2084,1,2,0,2,1,7,1,3,1220,45,385000
828,65,8529,7,5,0,20,1434,1454,1434,0,1434,0,2,0,3,1,6,1,2,527,39,189000
830,24,2544,7,5,0,0,600,600,520,623,1223,0,2,1,2,1,4,0,2,480,166,147400
831,80,11900,6,5,387,1040,352,1392,1392,0,1392,1,1,1,3,1,6,2,2,458,0,166000
832,30,3180,7,5,0,0,600,600,520,600,1200,0,2,1,2,1,4,0,2,480,166,151000
833,44,9548,7,6,223,483,458,941,941,888,1829,1,2,1,3,1,7,1,2,613,39,237000
834,100,10004,6,6,180,196,975,1516,1516,0,1516,0,1,1,3,1,6,0,2,472,0,167000
835,75,7875,5,6,136,572,572,1144,1144,0,1144,1,1,0,3,1,6,0,2,456,0,139950
836,60,9600,4,7,0,442,625,1067,1067,0,1067,0,2,0,2,1,4,0,2,436,0,128000
837,90,8100,5,6,0,338,1221,1559,1559,0,1559,1,1,0,2,1,5,0,2,812,116,153500
838,21,1680,6,5,158,330,153,483,483,504,987,1,1,1,2,1,5,0,1,264,0,100000
839,75,9525,5,6,0,0,1099,1099,1099,0,1099,0,1,1,3,1,6,0,1,352,0,144000
840,70,11767,5,6,0,352,416,768,768,432,1200,0,1,0,3,1,6,0,1,240,0,130500
842,60,10440,5,8,0,0,650,650,958,581,1539,0,2,0,3,1,8,1,2,686,78,157500
843,82,9020,6,7,183,312,276,1127,1165,0,1165,1,1,1,3,1,6,0,2,490,129,174900
845,100,12665,5,8,0,0,876,876,876,540,1416,0,1,1,4,1,7,1,3,720,0,153900
847,75,9317,7,5,137,513,227,740,1006,769,1775,1,2,1,3,1,7,1,2,425,72,213000
848,36,15523,5,6,0,460,404,864,864,0,864,1,1,0,3,1,5,1,1,338,0,133500
849,75,45600,6,8,0,0,907,907,1307,1051,2358,0,3,0,5,1,10,1,2,360,40,240000
850,80,9600,6,7,360,0,528,528,1094,761,1855,0,2,1,3,1,7,1,2,512,100,187000
851,36,4435,6,5,170,659,189,848,848,0,848,1,1,0,1,1,3,0,2,420,0,131500
853,53,7128,7,5,0,364,554,918,918,728,1646,0,2,0,4,1,7,2,1,240,0,164000
855,102,17920,5,4,0,306,372,1763,1779,0,1779,1,1,1,3,1,6,1,2,454,418,170000
858,65,8125,6,5,0,0,702,702,702,779,1481,0,2,1,3,1,6,1,2,343,36,174000
859,80,10400,7,5,189,0,1090,1090,1370,0,1370,0,2,0,3,1,6,1,2,479,0,152000
861,55,7642,7,8,0,0,912,912,912,514,1426,0,1,1,3,1,7,1,1,216,240,189950
862,75,11625,5,4,0,841,198,1039,1039,0,1039,1,1,1,3,1,6,0,2,504,0,131500
863,81,9672,6,5,0,338,702,1040,1097,0,1097,0,2,0,3,1,6,0,2,480,0,152000
864,70,7931,5,5,0,1148,0,1148,1148,0,1148,1,1,0,3,1,6,0,1,672,0,132500
865,72,8640,7,5,0,0,1372,1372,1372,0,1372,0,2,0,3,1,6,0,2,529,140,250580
867,67,10656,8,5,274,0,1638,1638,1646,0,1646,0,2,0,3,1,6,1,3,870,80,248900
868,85,6970,4,5,0,932,108,1040,1120,0,1120,1,1,1,3,1,5,0,2,544,0,129000
870,80,9938,7,5,246,750,300,1050,1062,887,1949,1,2,1,3,1,8,1,2,574,90,236000
871,60,6600,5,5,0,0,894,894,894,0,894,0,1,0,2,1,5,0,1,308,0,109500
872,70,8750,6,5,116,505,299,804,804,878,1682,0,2,1,3,1,7,0,2,523,77,200500
873,74,8892,5,7,0,0,105,105,910,0,910,0,1,0,3,1,5,0,2,414,0,116000
874,60,12144,5,7,0,375,457,832,1036,0,1268,0,1,0,3,1,6,1,1,288,28,133000
875,52,5720,5,6,0,0,676,676,676,455,1131,0,1,1,3,1,5,0,1,200,0,66500
876,75,9000,8,5,0,64,1120,1184,1184,1426,2610,0,2,1,4,1,11,1,2,550,364,303477
877,94,25286,4,5,0,633,431,1064,1040,0,1040,1,1,0,3,1,5,0,2,648,0,132250
878,74,8834,9,5,216,1170,292,1462,1462,762,2224,1,2,1,4,1,10,1,3,738,0,350000
879,88,11782,5,7,0,899,210,1109,1155,0,1155,1,1,0,3,1,6,0,2,576,0,148000
881,60,7024,5,5,0,980,110,1090,1090,0,1090,1,1,1,2,1,5,0,2,450,49,157000
882,44,13758,7,5,117,902,254,1156,1187,530,1717,0,2,1,3,1,7,1,2,400,36,187500
884,60,6204,4,5,0,0,795,795,954,795,2230,1,1,0,5,1,10,0,1,440,188,118500
885,65,7150,5,5,60,432,460,892,892,0,892,0,1,0,3,1,5,0,1,288,0,100000
886,50,5119,9,5,60,1238,460,1698,1709,0,1709,1,2,0,2,1,5,1,2,506,65,328900
887,70,8393,5,5,122,528,1098,1626,1712,0,1712,0,2,0,4,2,8,0,2,588,54,145000
888,59,16466,5,7,0,0,816,816,872,521,1393,0,1,1,3,1,8,0,1,300,0,135500
889,95,15865,8,6,0,351,1043,2217,2217,0,2217,1,2,0,4,1,8,1,2,621,207,268000
890,128,12160,6,4,90,1024,481,1505,1505,0,1505,1,1,0,2,1,6,1,2,505,0,149500
891,60,8064,5,7,0,0,672,672,672,252,924,0,1,0,3,1,6,1,2,576,0,122900
892,70,11184,6,5,92,226,192,918,918,765,1683,0,2,1,3,1,7,1,2,440,0,172500
893,70,8414,6,8,0,663,396,1059,1068,0,1068,0,1,0,3,1,6,0,1,264,0,154500
895,64,7018,5,5,0,0,0,0,1535,0,1535,0,2,0,4,2,8,0,2,400,0,118858
896,71,7056,6,5,415,400,380,780,983,813,1796,1,1,1,4,1,8,1,2,483,50,140000
897,50,8765,4,6,0,285,666,951,951,0,951,0,1,0,2,1,6,0,1,327,28,106500
898,64,7018,5,5,0,0,0,0,1120,1120,2240,0,2,0,6,2,12,0,2,528,0,142953
899,100,12919,9,5,760,2188,142,2330,2364,0,2364,1,2,1,2,1,11,2,3,820,67,611657
900,65,6993,5,7,0,465,447,912,1236,0,1236,0,1,0,3,1,6,1,1,288,0,135000
902,64,8712,5,7,0,860,132,992,1306,0,1306,1,1,0,2,1,5,0,1,756,0,153000
903,63,7875,7,5,0,0,783,783,807,702,1509,0,2,1,3,1,8,1,2,393,75,180000
904,50,14859,7,5,27,0,1670,1670,1670,0,1670,0,2,0,3,1,7,1,3,690,60,240000
906,80,9920,5,5,110,354,412,1056,1063,0,1063,1,1,0,3,1,6,0,1,280,0,128000
907,116,13501,8,5,208,63,1560,1623,1636,0,1636,1,2,0,3,1,8,1,3,865,60,255000
908,86,11500,7,7,0,223,794,1017,1020,1037,2057,0,1,1,3,1,6,1,1,180,0,250000
910,149,12589,6,5,0,0,742,742,742,742,1484,0,2,1,3,1,8,1,2,390,24,174000
911,80,11600,5,5,361,443,662,1105,1105,1169,2274,0,2,0,5,2,12,0,2,480,0,154300
913,51,6120,5,7,0,489,279,768,1015,0,1015,0,1,0,3,1,6,0,1,450,0,88000
914,82,6270,5,6,0,284,717,1001,1001,1001,2002,0,2,0,4,2,8,0,3,871,0,145000
915,30,3000,6,5,76,294,318,612,612,612,1224,0,2,1,2,1,4,0,2,528,234,173733
916,21,2001,4,5,80,0,546,546,546,546,1092,0,1,1,3,1,6,0,1,286,0,75000
917,50,9000,2,3,0,50,430,480,480,0,480,1,0,0,1,1,4,0,1,308,0,35311
919,103,13125,7,5,0,48,422,1104,912,1215,2127,1,2,1,4,1,8,1,3,833,192,238000
920,87,11029,6,8,0,528,245,1184,1414,0,1414,1,1,0,3,1,6,1,2,601,51,176500
921,70,8462,6,5,105,814,114,928,936,785,1721,0,2,1,3,1,7,0,2,471,87,201000
923,65,10237,6,5,0,28,1288,1316,1316,0,1316,0,2,0,3,1,6,1,2,397,0,169990
924,50,8012,6,5,0,165,598,1604,1617,0,1617,1,2,0,2,1,5,1,2,533,69,193000
925,79,10240,6,6,157,625,0,1686,1686,0,1686,1,2,0,3,1,7,1,2,612,131,207500
927,93,11999,8,5,340,0,1181,1181,1234,1140,2374,0,2,1,4,1,10,1,3,656,100,285000
931,73,8925,8,5,0,16,1450,1466,1466,0,1466,0,2,0,3,1,7,0,3,610,18,201000
932,70,9100,5,6,0,338,121,925,925,0,925,0,1,0,2,1,5,0,1,429,0,117500
933,84,11670,9,5,302,0,1905,1905,1905,0,1905,0,2,0,3,1,8,1,3,788,191,320000
934,63,8487,7,5,210,20,1480,1500,1500,0,1500,0,2,0,3,1,6,0,2,570,36,190000
935,313,27650,7,7,0,425,160,585,2069,0,2069,1,2,0,4,1,9,1,2,505,0,242000
936,52,5825,4,5,108,0,600,600,747,0,747,0,1,0,1,1,5,0,2,528,0,79900
938,75,9675,7,5,0,341,772,1113,1113,858,1971,0,2,1,3,1,8,1,2,689,48,253000
939,73,8760,7,5,0,464,927,1391,1391,571,1962,0,2,1,3,1,7,0,3,868,90,239799
941,55,12640,6,5,0,936,396,1728,1728,0,1728,0,2,0,4,2,8,0,2,574,0,150900
944,100,25000,5,4,0,0,1632,1632,1632,0,1632,0,2,0,4,2,8,0,2,576,0,143000
946,98,8820,5,6,0,1088,0,1088,1188,561,1869,0,1,0,2,1,7,0,2,456,0,124900
947,70,8163,5,6,128,748,102,1144,1144,0,1144,1,1,0,3,1,6,1,1,796,0,143000
948,85,14536,8,5,236,1300,316,1616,1629,0,1629,1,2,0,3,1,9,1,3,808,252,270000
949,65,14006,7,5,144,0,936,936,936,840,1776,0,2,1,3,1,7,1,2,474,96,192500
950,78,9360,6,7,0,982,179,1161,1381,0,1381,1,1,1,3,1,5,1,2,676,0,197500
951,60,7200,5,8,0,398,317,864,864,0,864,1,1,0,3,1,5,0,2,720,0,129000
952,60,7800,5,5,0,641,187,828,965,0,965,1,1,0,3,1,6,0,1,300,0,119900
953,60,7200,5,8,0,660,108,768,768,0,768,0,1,0,2,1,5,0,1,396,0,133900
956,82,7136,6,6,423,484,495,979,979,979,1958,0,2,0,4,2,8,0,2,492,0,145000
957,24,1300,6,6,0,285,276,561,561,668,1229,0,1,1,2,1,5,1,2,462,0,124000
958,70,7420,5,5,0,417,640,1057,1057,0,1057,0,1,0,3,1,6,0,2,576,0,132000
959,65,8450,7,5,0,699,638,1337,1337,0,1337,1,2,0,3,1,6,0,2,531,39,185000
960,24,2572,7,5,0,604,92,696,696,720,1416,1,2,1,3,1,6,0,2,484,44,155000
963,24,2308,6,6,0,556,248,804,804,744,1548,1,2,1,3,1,7,1,2,440,0,155000
964,122,11923,9,5,0,0,1800,1800,1800,0,1800,0,2,0,2,1,7,0,2,702,136,239000
965,80,11316,7,5,44,624,193,817,824,1070,1894,1,2,1,4,1,8,1,2,510,40,214900
966,65,10237,6,5,0,0,783,783,783,701,1484,0,2,1,3,1,8,1,2,393,72,178900
967,130,9600,5,7,0,428,300,728,976,332,1308,1,1,1,2,1,7,2,1,256,70,160000
970,75,10382,6,5,105,513,75,588,1095,0,1095,1,1,0,2,1,6,0,1,264,0,140000
972,36,2268,7,5,106,567,197,764,764,862,1626,0,2,0,2,1,6,0,2,474,27,173000
973,55,7892,6,5,0,0,918,918,918,0,918,0,2,0,2,1,5,1,1,264,0,99500
975,60,11414,7,8,0,0,728,728,1136,883,2019,0,1,0,3,1,8,0,2,532,135,167500
979,68,9450,4,5,0,552,342,894,894,0,894,0,1,0,3,1,5,0,2,400,0,110000
980,80,8816,5,6,0,651,470,1121,1121,0,1121,1,1,0,3,1,5,0,2,480,80,139000
982,98,12203,8,5,975,854,371,1225,1276,1336,2612,1,2,1,4,1,8,1,3,676,0,336000
983,43,3182,7,5,16,0,1266,1266,1266,0,1266,0,2,0,2,1,6,1,2,388,16,159895
985,75,10125,5,5,0,0,0,0,1302,432,1734,0,2,0,4,2,8,0,2,539,0,126000
986,68,10880,5,5,0,1040,124,1164,1164,0,1164,1,1,0,3,1,5,0,1,240,48,125000
987,59,5310,6,8,0,0,485,485,1001,634,1635,0,1,0,2,1,5,0,1,255,0,117000
988,83,10159,9,5,450,1646,284,1930,1940,0,1940,1,2,1,3,1,8,1,3,606,95,395192
990,65,8125,7,5,0,0,770,770,778,798,1576,0,2,1,3,1,6,0,2,614,50,197000
991,82,9452,8,5,423,1074,322,1396,1407,985,2392,1,2,1,3,1,7,1,3,870,70,348000
992,121,17671,8,9,0,216,700,916,916,826,1742,0,1,1,4,1,8,1,2,424,169,168000
993,80,9760,6,8,340,536,169,822,1020,831,1851,0,2,1,3,1,7,1,2,440,42,187000
994,68,8846,6,5,0,0,750,750,750,750,1500,0,2,1,3,1,6,0,2,564,35,173900
995,96,12456,10,5,230,1172,528,1700,1718,0,1718,1,2,0,3,1,7,1,3,786,48,337500
996,51,4712,4,7,0,384,363,747,774,456,1230,1,1,1,3,1,5,0,1,305,57,121600
999,60,9786,3,4,0,0,1007,1007,1077,0,1077,0,1,0,3,1,6,1,1,210,100,91000
1000,64,6762,7,5,24,686,501,1187,1208,0,1208,1,2,0,2,1,6,0,2,632,61,206000
1001,74,10206,3,3,0,0,0,0,944,0,944,0,1,0,2,1,4,0,2,528,0,82000
1002,60,5400,5,6,0,0,691,691,691,0,691,0,1,0,2,1,4,0,1,216,20,86000
1003,75,11957,8,5,53,24,1550,1574,1574,0,1574,0,2,0,3,1,7,1,3,824,104,232000
1005,43,3182,7,5,16,16,1330,1346,1504,0,1504,0,2,0,1,1,7,1,2,457,0,181000
1006,65,8385,5,8,220,595,390,985,985,0,985,0,2,0,3,1,6,0,1,328,0,149900
1008,21,2217,4,4,0,273,0,546,546,546,1092,0,1,1,3,1,6,0,1,286,0,88000
1009,43,12118,7,5,108,0,1710,1710,1710,0,1710,0,2,0,3,1,7,1,2,550,48,240000
1011,115,21286,5,5,0,0,720,720,720,551,1271,0,2,0,4,1,7,1,1,312,0,135000
1013,55,10592,6,7,0,0,602,602,900,602,1502,0,1,1,3,1,7,2,1,180,0,165000
1014,60,7200,5,4,0,247,310,1022,1022,0,1022,1,1,0,2,1,4,0,1,280,30,85000
1015,60,11664,6,5,206,336,746,1082,1082,0,1082,0,1,0,2,1,5,1,1,240,130,119200
1016,70,8400,8,6,0,643,167,810,810,855,1665,1,2,1,3,1,6,0,2,528,45,227000
1017,73,11883,7,5,196,690,814,1504,1504,0,1504,1,2,0,3,1,6,1,2,478,66,203000
1020,43,3013,7,5,145,16,1346,1362,1506,0,1506,0,2,0,2,1,6,1,2,440,20,213490
1021,60,7024,4,5,0,1024,108,1132,1132,0,1132,1,1,1,2,1,5,0,2,451,64,176000
1022,64,7406,7,5,84,684,515,1199,1220,0,1220,1,2,0,2,1,6,0,2,632,54,194000
1023,52,9439,5,5,0,324,588,912,912,336,1248,0,1,0,2,1,6,0,1,160,0,87000
1024,43,3182,7,5,14,16,1330,1346,1504,0,1504,0,2,0,2,1,7,1,2,437,20,191000
1026,70,7700,5,5,0,138,276,882,882,0,882,1,1,0,3,1,5,0,2,461,0,112500
1027,73,9300,5,5,324,697,571,1268,1264,0,1264,1,1,0,3,1,6,2,2,461,0,167500
1028,71,9520,8,5,338,1513,125,1638,1646,0,1646,1,2,0,3,1,7,1,3,800,44,293077
1029,79,9492,5,5,0,368,359,768,968,408,1376,1,1,0,3,1,6,1,1,240,0,105000
1030,21,1680,6,7,281,317,355,672,672,546,1218,0,1,1,3,1,7,0,1,264,28,118000
1032,102,15863,7,3,0,523,301,824,1687,998,3082,1,2,1,5,1,12,2,2,672,63,197000
1035,50,6305,5,7,0,0,920,920,954,0,954,0,1,0,2,1,5,1,1,240,0,119750
1037,89,12898,9,5,70,1022,598,1620,1620,0,1620,1,2,0,2,1,6,1,3,912,0,315500
1040,21,1477,4,4,0,509,121,630,630,0,630,1,1,0,1,1,3,0,1,286,0,80000
1041,88,13125,5,4,67,168,284,1134,1803,0,1803,1,2,0,3,1,8,1,2,484,0,155000
1043,34,5381,6,5,135,900,406,1306,1306,0,1306,1,2,0,1,1,5,1,2,624,63,196000
1044,86,11839,7,5,99,1085,390,1475,1532,797,2329,1,2,1,4,1,10,1,2,514,121,262280
1045,80,9600,8,5,0,1104,1420,2524,2524,0,2524,1,2,1,4,1,9,1,2,542,120,278000
1047,85,16056,9,5,208,240,1752,1992,1992,876,2868,0,3,1,4,1,11,1,3,716,108,556581
1048,57,9245,5,5,0,686,304,990,990,0,990,0,1,0,3,1,5,0,2,672,0,145000
1049,100,21750,5,4,75,0,0,0,1771,0,1771,0,1,0,3,1,9,1,2,336,0,115000
1050,60,11100,4,7,0,0,0,0,930,0,930,0,1,0,2,1,6,0,1,308,0,84900
1051,73,8993,7,5,0,0,1302,1302,1302,0,1302,0,2,0,3,1,6,0,2,436,22,176485
1052,103,11175,7,5,0,0,1316,1316,1316,0,1316,0,2,0,3,1,6,1,2,440,20,200141
1053,100,9500,6,6,272,442,374,816,1127,850,1977,0,1,1,4,1,9,1,2,540,52,165000
1054,68,8562,5,6,145,383,833,1216,1526,0,1526,0,1,0,4,1,7,1,1,364,78,144500
1055,90,11367,8,5,210,932,133,1065,1091,898,1989,1,2,1,3,1,7,1,2,586,60,255000
1056,104,11361,6,5,160,644,549,1193,1523,0,1523,0,2,0,3,1,7,1,2,478,0,180000
1057,43,7052,7,5,240,659,705,1364,1364,0,1364,1,2,0,2,1,6,1,2,484,36,185850
1059,96,11308,9,5,154,936,168,1104,1130,1054,2184,1,2,1,3,1,10,1,3,836,102,335000
1061,41,4920,8,5,0,616,722,1338,1338,0,1338,1,2,0,2,1,6,0,2,582,0,213500
1062,120,18000,3,4,0,0,894,894,894,0,894,0,1,0,2,1,6,0,3,1248,20,81000
1063,85,13600,5,5,0,0,662,662,1422,915,2337,0,2,0,5,2,10,0,2,560,57,90000
1064,50,6000,6,6,0,397,706,1103,1103,0,1103,0,1,0,2,1,5,1,2,440,120,110500
1066,80,14000,7,5,0,1201,105,1306,1306,954,2260,1,2,1,3,1,7,0,2,533,44,328000
1067,59,7837,6,7,0,0,799,799,799,772,1571,0,2,1,3,1,7,1,2,380,40,178000
1068,80,9760,6,6,360,674,0,780,798,813,1611,1,1,1,4,1,7,0,2,442,128,167900
1069,42,3964,6,4,0,837,105,942,1291,1230,2521,1,2,1,5,1,10,1,2,576,20,151400
1070,60,9600,5,7,0,220,625,845,893,0,893,0,1,0,2,1,4,0,2,576,0,135000
1071,72,10152,5,5,120,586,462,1048,1048,0,1048,1,1,0,3,1,6,0,1,286,20,135000
1072,78,11700,6,6,0,298,429,727,829,727,1556,0,1,1,4,1,8,0,2,441,0,154000
1073,50,7585,5,3,0,0,810,810,1002,454,1456,1,1,0,4,1,7,1,1,280,0,91500
1074,75,7950,6,6,140,535,155,690,698,728,1426,0,1,1,3,1,6,0,2,440,0,159500
1075,74,8556,7,5,0,0,1240,1240,1240,0,1240,0,2,0,2,1,5,0,3,826,93,194000
1076,75,13125,7,6,0,410,390,800,960,780,1740,0,1,1,3,1,6,2,1,240,0,219500
1077,60,10800,5,8,0,626,170,796,1096,370,1466,0,2,0,3,1,7,1,2,566,21,170000
1079,37,4435,6,5,169,662,186,848,848,0,848,1,1,0,1,1,3,1,2,420,0,155900
1080,65,8775,5,5,0,495,495,990,990,0,990,0,1,0,3,1,5,0,1,299,64,126000
1081,80,11040,6,7,144,656,602,1258,1258,0,1258,0,2,0,3,1,5,0,2,528,0,145000
1082,75,7500,5,5,0,824,216,1040,1040,0,1040,1,1,1,3,1,5,0,1,308,0,133000
1083,70,8749,7,5,100,0,1459,1459,1459,0,1459,0,2,0,3,1,6,1,2,527,39,192000
1084,80,8800,6,6,425,553,698,1251,1251,0,1251,1,1,0,3,1,6,2,1,461,116,160000
1086,73,9069,6,6,0,747,189,936,996,0,996,1,1,0,2,1,5,0,2,564,0,147000
1088,85,10574,8,5,0,0,1082,1082,1082,871,1953,0,2,1,3,1,9,1,3,1043,50,252000
1089,24,2522,7,5,50,0,970,970,970,739,1709,0,2,0,3,1,7,0,2,380,40,137500
1090,37,3316,8,5,0,1039,208,1247,1247,0,1247,1,1,1,1,1,4,1,2,550,84,197000
1091,60,8544,3,4,0,0,0,0,1040,0,1040,0,2,0,2,2,6,0,2,400,0,92900
1092,24,2160,7,5,212,510,90,600,624,628,1252,1,2,1,2,1,4,0,2,462,48,160000
1093,60,8400,6,5,0,423,758,1181,1390,304,1694,0,2,0,4,1,7,1,2,576,0,136500
1094,71,9230,5,8,166,661,203,864,1200,0,1200,1,1,1,1,1,6,0,2,884,64,146000
1095,74,5868,5,7,0,248,448,936,936,0,936,1,1,0,2,1,4,0,1,308,0,129000
1096,78,9317,6,5,0,24,1290,1314,1314,0,1314,0,2,0,3,1,6,1,2,440,22,176432
1099,50,6000,4,6,0,672,0,672,757,567,1324,0,1,0,3,1,6,0,1,240,0,128000
1100,82,11880,7,5,206,704,567,1271,1601,0,1601,0,2,0,3,1,7,1,2,478,0,157000
1101,60,8400,2,5,0,290,0,290,438,0,438,0,1,0,1,1,3,0,1,246,0,60000
1102,61,9758,5,5,0,412,251,950,950,0,950,0,1,0,3,1,5,0,1,280,0,119500
1103,70,7000,5,7,45,588,422,1010,1134,0,1134,0,1,0,2,1,6,0,1,254,16,135000
1104,79,8910,6,6,0,655,0,655,1194,0,1194,0,1,0,3,1,6,1,2,539,0,159500
1105,24,2016,5,5,304,0,630,630,630,672,1302,0,2,1,3,1,6,0,2,440,0,106000
1106,98,12256,8,5,362,1032,431,1463,1500,1122,2622,1,2,1,3,1,9,2,2,712,32,325000
1107,114,10357,7,5,0,738,172,910,1442,0,1442,1,2,0,3,1,6,1,2,719,244,179900
1108,168,23257,7,5,0,0,868,868,887,1134,2021,0,2,1,3,1,9,1,2,422,100,274725
1110,107,11362,8,5,42,1039,797,1836,1836,0,1836,1,2,0,3,1,7,1,3,862,185,280000
1112,80,10480,7,6,660,403,400,803,1098,866,1964,0,2,1,4,1,8,1,2,483,69,205000
1113,73,7100,5,7,0,708,108,816,816,0,816,1,1,0,2,1,5,0,1,308,0,129900
1114,66,8923,5,7,0,643,365,1008,1008,0,1008,1,1,0,2,1,6,0,1,240,18,134500
1115,90,5400,5,7,0,415,418,833,833,0,833,0,1,0,2,1,4,0,1,326,0,117000
1116,93,12085,8,5,328,1004,730,1734,1734,0,1734,1,2,0,3,1,7,1,3,928,0,318000
1118,57,9764,5,7,0,702,192,894,894,0,894,1,1,0,3,1,5,0,2,450,0,130000
1119,85,13825,5,6,0,0,533,533,1021,580,1601,0,1,0,3,1,6,0,1,300,34,140000
1120,70,7560,5,5,0,369,671,1040,1040,0,1040,0,1,0,3,1,6,0,1,286,0,133700
1121,59,8263,6,5,0,0,1012,1012,1012,0,1012,0,1,0,2,1,6,1,1,308,22,118400
1122,84,10084,7,5,196,24,1528,1552,1552,0,1552,0,2,0,3,1,7,0,3,782,20,212900
1126,60,10434,4,5,0,0,1005,1005,1005,0,1005,0,1,0,2,1,5,1,2,672,0,115000
1127,53,3684,7,5,130,0,1373,1373,1555,0,1555,0,2,0,2,1,7,1,3,660,20,174000
1128,182,14572,7,5,0,1300,230,1530,1530,0,1530,1,2,0,3,1,7,1,3,630,36,259000
1129,59,11796,7,5,0,0,847,847,847,1112,1959,0,2,1,4,1,8,1,2,434,48,215000
1130,60,7200,5,5,180,936,0,936,936,0,936,1,1,0,2,1,4,0,2,672,0,140000
1131,65,7804,4,3,0,622,500,1122,1328,653,1981,1,2,0,4,1,7,2,2,576,44,135000
1133,90,9900,6,4,0,0,1008,1008,1178,1032,2210,0,2,0,5,1,8,0,1,205,48,117500
1134,80,9828,8,5,0,584,544,1128,1142,878,2020,0,2,1,3,1,8,1,2,466,155,239500
1135,57,8773,6,5,0,0,916,916,916,684,1600,0,2,1,3,1,7,1,2,460,38,169000
1136,60,6180,6,5,0,0,960,960,986,0,986,0,1,0,2,1,5,1,1,180,128,102000
1137,80,9600,6,5,0,280,752,1032,1032,220,1252,0,1,0,3,1,6,0,1,288,0,119000
1140,98,8731,5,5,0,645,270,915,1167,0,1167,0,1,0,3,1,6,1,2,495,0,144000
1141,60,7350,5,7,0,852,100,952,952,0,952,1,1,0,2,1,4,0,2,840,0,139000
1143,77,9965,8,5,340,1150,316,1466,1466,1362,2828,1,3,0,4,1,11,1,3,1052,144,424870
1145,60,12180,4,4,0,348,324,672,672,252,924,1,1,0,2,1,5,0,1,280,0,80000
1146,52,6240,5,6,0,0,1042,1042,1042,534,1576,0,1,0,3,1,8,1,1,225,0,149000
1148,75,12000,7,7,0,275,429,704,860,704,1564,0,1,1,3,1,7,1,1,234,0,174500
1150,50,9000,7,9,0,624,26,650,832,650,1482,0,1,0,3,1,7,0,2,324,0,143000
1151,57,8280,6,5,0,0,932,932,932,0,932,0,1,0,2,1,4,1,1,306,0,124000
1152,134,17755,5,4,132,176,1290,1466,1466,0,1466,0,1,1,3,1,6,2,2,528,140,149900
1153,90,14115,6,7,0,296,230,1073,1811,0,1811,0,1,0,2,1,6,1,2,470,0,230000
1156,90,10768,5,8,0,1157,280,1437,1437,0,1437,1,2,0,3,1,6,1,2,528,21,218000
1157,85,9350,5,8,0,633,586,1219,1265,0,1265,0,2,0,3,1,6,1,2,502,92,179900
1158,34,5001,7,5,166,904,410,1314,1314,0,1314,1,2,0,2,1,6,1,2,626,62,230000
1159,92,11932,8,5,186,0,1580,1580,1580,0,1580,0,2,0,3,1,7,0,3,830,24,235128
1160,76,9120,6,6,270,442,459,901,943,933,1876,0,2,1,4,1,8,1,2,540,69,185000
1161,24,2280,6,5,0,311,544,855,855,601,1456,0,2,1,3,1,7,1,2,440,0,146000
1163,109,8724,5,5,0,492,402,894,894,0,894,0,1,0,3,1,5,1,2,450,0,129000
1164,60,12900,4,4,0,1198,0,1198,1258,0,1258,2,0,2,0,2,6,0,2,400,0,108959
1166,79,9541,7,5,268,0,1502,1502,1502,0,1502,0,2,0,3,1,7,0,2,644,114,233170
1167,64,10475,8,5,72,0,1694,1694,1694,0,1694,0,2,0,3,1,7,0,3,776,33,245350
1168,58,10852,6,5,0,786,173,959,959,712,1671,1,2,1,3,1,7,1,2,472,38,173000
1169,120,13728,6,7,0,626,501,1127,1236,872,2108,0,2,0,4,1,7,2,2,540,0,235000
1170,118,35760,10,5,1378,1387,543,1930,1831,1796,3627,1,3,1,4,1,10,1,3,807,76,625000
1171,76,9880,6,6,0,522,574,1096,1118,0,1118,1,1,0,3,1,6,1,1,358,0,171000
1172,76,9120,6,6,0,662,599,1261,1261,0,1261,1,1,0,3,1,6,1,2,433,0,163000
1173,35,4017,7,5,0,0,625,625,625,625,1250,0,2,1,2,1,5,0,2,625,54,171900
1175,80,16560,6,8,0,503,449,952,1170,1175,2345,0,2,1,4,1,9,1,2,360,0,239000
1176,85,10678,8,5,337,700,983,1683,2129,743,2872,0,2,1,4,1,9,1,2,541,33,285000
1177,37,6951,5,5,0,658,218,876,923,0,923,1,1,0,3,1,5,0,1,264,0,119500
1179,54,7681,5,6,0,0,731,731,820,523,1343,0,1,1,3,1,7,1,1,186,0,154900
1182,64,5587,8,5,186,1480,120,1600,1652,0,1652,1,2,0,2,1,5,1,2,482,53,392500
1183,160,15623,10,5,0,2096,300,2396,2411,2065,4476,1,3,1,4,1,10,2,3,813,78,745000
1184,60,10800,5,6,0,821,299,1120,1130,0,1130,1,1,0,2,1,5,1,2,720,0,120000
1185,50,35133,5,4,226,1159,413,1572,1572,0,1572,1,1,1,3,1,5,2,3,995,263,186700
1186,60,9738,5,7,0,392,392,784,949,272,1221,1,1,0,4,1,7,0,1,392,0,104900
1187,107,10615,3,5,0,440,538,978,1014,685,1699,1,2,0,3,2,7,0,2,420,74,95000
1188,89,12461,8,5,0,1456,168,1624,1624,0,1624,1,2,0,2,1,5,1,3,757,114,262000
1189,68,8935,7,5,95,0,831,831,831,829,1660,0,2,1,3,1,7,0,2,493,68,195000
1190,60,7500,7,5,0,0,994,994,1028,776,1804,0,2,1,3,1,7,1,2,442,60,189000
1192,24,2645,8,5,456,0,776,776,764,677,1441,0,2,1,2,1,5,0,2,492,0,174000
1193,60,9600,5,8,0,0,702,702,842,630,1472,0,1,0,3,1,6,0,1,250,0,125000
1195,80,9364,6,7,143,371,292,663,663,689,1352,0,1,1,4,1,7,0,1,299,36,158000
1196,51,8029,6,5,0,0,728,728,728,728,1456,0,2,1,3,1,8,0,2,400,24,176000
1197,58,14054,7,5,0,0,879,879,879,984,1863,0,2,1,4,1,9,1,3,660,17,219210
1198,65,8850,7,6,0,0,815,815,815,875,1690,0,1,0,3,1,7,1,1,225,0,144000
1199,70,9100,7,5,0,0,1212,1212,1212,0,1212,0,2,0,3,1,6,0,2,573,0,178000
1200,75,11235,4,5,51,547,504,1051,1382,0,1382,0,1,1,3,1,6,1,2,459,82,148000
1201,71,9353,4,5,0,0,864,864,864,0,864,0,1,0,3,1,5,0,1,280,0,116050
1202,80,10400,7,5,0,0,866,866,866,913,1779,0,2,1,3,1,6,0,2,546,36,197900
1203,50,6000,5,8,0,0,884,884,884,464,1348,1,1,0,3,1,5,1,1,216,0,117000
1204,75,9750,7,5,171,0,1630,1630,1630,0,1630,0,2,0,3,1,6,1,2,451,234,213000
1205,78,10140,5,6,0,788,268,1056,1074,0,1074,1,1,1,3,1,6,0,2,495,88,153500
1206,90,14684,7,7,234,485,1496,2158,2196,0,2196,0,2,0,3,1,7,1,3,701,70,271900
1208,70,9135,6,5,120,340,1342,1682,1700,0,1700,1,2,0,3,1,7,0,2,544,23,200000
1209,70,7763,5,7,0,504,319,931,1283,0,1283,1,1,0,3,1,6,0,2,506,0,140000
1210,85,10182,8,5,420,1220,440,1660,1660,0,1660,1,2,0,3,1,8,1,2,500,50,290000
1211,70,11218,6,5,0,0,1055,1055,1055,790,1845,0,2,1,3,1,8,1,2,462,104,189000
1212,152,12134,8,7,0,427,132,559,1080,672,1752,0,2,0,4,1,8,0,2,492,12,164000
1213,50,9340,4,6,0,344,328,672,672,0,672,1,1,0,2,1,4,0,1,234,113,113000
1215,69,10205,5,5,0,784,141,925,999,0,999,1,1,0,3,1,6,0,1,300,72,134500
1216,99,7094,5,5,0,180,340,894,894,0,894,0,1,0,3,1,5,0,1,384,0,125000
1217,68,8930,6,5,0,0,0,0,1318,584,1902,0,2,0,4,2,8,0,2,539,0,112000
1218,72,8640,8,5,72,936,364,1300,1314,0,1314,1,2,0,3,1,6,0,2,552,112,229456
1221,66,7800,5,5,0,312,0,912,912,0,912,0,1,0,2,1,5,0,1,288,0,115000
1222,55,8250,5,5,0,250,210,952,1211,0,1211,0,1,0,3,1,5,1,1,322,63,134000
1223,78,10496,6,6,320,196,844,1040,1168,678,1846,0,2,0,3,1,7,1,1,315,0,143000
1224,89,10680,5,3,44,756,1380,2136,2136,0,2136,0,2,0,4,1,7,0,2,528,30,137900
1225,60,15384,7,5,0,724,64,788,788,702,1490,1,2,1,3,1,8,1,2,388,75,184000
1226,65,10482,6,8,63,507,81,588,1138,0,1138,0,1,0,3,1,6,0,1,264,0,145000
1227,86,14598,6,5,74,0,894,894,894,1039,1933,0,2,1,4,1,9,1,3,668,18,214000
1228,72,8872,5,8,300,595,317,912,912,0,912,1,1,0,2,1,5,0,2,576,240,147000
1229,65,8769,9,5,766,1540,162,1702,1702,0,1702,1,1,1,1,1,7,1,3,1052,72,367294
1230,70,7910,5,5,0,666,409,1075,1507,0,1507,0,2,0,4,1,7,0,1,404,0,127000
1232,70,7728,5,6,120,803,303,1106,1190,0,1190,1,1,0,3,1,6,0,2,540,18,132500
1233,70,9842,4,5,0,0,0,0,1224,0,1224,0,2,0,2,2,6,0,2,462,0,101800
1236,96,13132,5,5,0,0,747,747,892,892,1784,0,1,1,4,1,9,0,1,180,40,138887
1237,36,2628,7,5,106,0,764,764,764,862,1626,0,2,1,2,1,6,0,2,474,27,175500
1238,41,12393,7,5,0,0,847,847,847,1101,1948,0,2,1,4,1,8,1,2,434,48,195000
1239,63,13072,6,5,0,0,1141,1141,1141,0,1141,0,1,1,3,1,6,0,2,484,0,142500
1240,64,9037,8,5,32,428,1048,1476,1484,0,1484,0,2,0,2,1,6,1,2,472,33,265900
1241,65,8158,7,5,252,550,334,884,884,884,1768,1,2,1,3,1,8,0,2,543,63,224900
1242,83,9849,7,6,0,0,1689,1689,1689,0,1689,0,2,0,3,1,7,0,3,954,56,248328
1243,85,10625,7,6,81,885,0,1053,1173,0,1173,1,2,0,3,1,6,2,2,528,120,170000
1246,78,12090,6,7,74,0,585,585,1140,728,1868,0,3,1,3,1,7,1,2,477,112,178000
1247,65,8125,7,5,0,0,756,756,756,797,1553,0,2,1,3,1,6,0,2,615,45,186500
1249,60,9600,6,5,0,319,416,735,1134,924,2058,0,1,1,3,1,8,1,2,396,0,129500
1250,60,7200,5,7,0,534,246,876,988,0,988,0,1,0,3,1,6,0,1,276,80,119000
1251,93,11160,7,5,0,1065,1045,2110,2110,0,2110,1,2,1,3,1,8,2,2,522,0,244000
1253,62,9858,5,6,0,510,354,864,874,0,874,1,1,0,3,1,5,0,1,288,0,130000
1255,60,6931,7,5,92,0,746,746,760,896,1656,0,2,1,3,1,7,1,2,397,128,165400
1256,52,6240,6,6,0,425,459,884,959,408,1367,0,1,0,3,1,6,1,1,560,0,127500
1257,91,14303,8,5,554,1314,672,1986,1987,0,1987,1,2,0,2,1,7,1,2,691,36,301500
1259,59,9587,7,5,182,655,201,856,1166,0,1166,1,2,0,2,1,5,0,2,400,0,190000
1260,65,9750,6,8,0,602,14,1054,1054,0,1054,1,1,1,3,1,6,0,2,460,0,151000
1262,80,9600,5,6,0,504,546,1050,1050,0,1050,0,1,0,2,1,5,0,1,338,0,128900
1264,60,13515,6,6,0,0,764,764,1060,764,1824,0,1,0,3,1,8,1,2,520,0,180500
1265,34,4060,6,5,0,266,1139,1405,1337,0,1337,1,2,0,2,1,5,0,2,511,68,181000
1266,35,3735,7,5,218,450,241,691,713,739,1452,1,2,1,3,1,6,0,2,506,34,183900
1267,60,10120,7,4,0,0,925,925,964,925,1889,0,1,1,4,2,9,1,1,308,0,122000
1268,89,13214,9,5,0,0,2002,2002,2018,0,2018,0,2,0,3,1,10,1,3,746,76,378500
1270,78,11344,5,5,180,460,414,874,874,650,1524,0,1,1,3,1,7,0,1,315,0,144000
1274,124,11512,6,7,84,719,300,1019,1357,0,1357,1,1,0,2,1,5,1,1,312,0,177000
1275,53,5362,5,6,0,0,661,661,661,589,1250,0,2,0,3,1,8,1,2,552,0,139000
1276,95,11345,5,5,567,220,708,928,928,992,1920,0,2,0,4,2,10,0,2,400,0,137000
1280,60,7500,4,4,0,0,698,698,698,430,1128,0,1,0,2,1,6,0,2,528,0,68400
1281,67,9808,7,5,110,788,785,1573,1573,0,1573,1,2,0,3,1,6,0,2,544,72,227000
1282,50,8049,7,5,54,1053,256,1309,1339,0,1339,1,2,0,2,1,6,1,2,484,58,180000
1283,61,8800,5,7,0,532,364,1040,1040,0,1040,0,2,0,3,1,5,0,2,484,0,150500
1285,50,9638,6,7,0,0,804,804,1699,748,2447,0,2,0,4,1,10,1,1,336,0,169000
1286,50,6000,6,6,0,0,780,780,825,587,1412,0,1,0,4,1,6,1,1,280,0,132500
1289,40,5664,8,5,0,1158,343,1501,1659,0,1659,1,2,0,2,1,5,1,2,499,59,278000
1290,86,11065,8,5,788,0,1085,1085,1120,850,1970,0,2,1,3,1,8,1,3,753,74,281000
1292,21,1680,5,7,268,231,399,630,630,672,1302,0,2,1,3,1,6,0,1,264,0,119500
1293,60,6600,5,4,0,0,994,994,1378,994,2372,0,2,0,4,2,11,0,1,432,287,107500
1294,78,10140,7,5,0,194,638,832,832,832,1664,0,2,1,4,1,8,1,2,528,28,162900
1295,60,8172,5,7,0,167,697,864,864,0,864,1,1,0,2,1,5,0,2,572,0,115000
1296,70,8400,5,5,168,1016,36,1052,1052,0,1052,1,1,1,3,1,5,0,1,288,0,138500
1297,80,8700,5,6,148,776,344,1120,1128,0,1128,1,2,0,3,1,6,0,2,525,20,155000
1298,35,3675,6,5,82,547,0,547,1072,0,1072,1,2,0,2,1,5,0,2,525,44,140000
1299,313,63887,10,5,796,5644,466,6110,4692,950,5642,2,2,1,3,1,12,3,2,1418,292,160000
1300,75,7500,5,7,0,340,0,1246,1246,0,1246,1,1,1,3,1,6,0,1,305,0,154000
1303,92,10120,8,5,391,740,425,1165,1203,1323,2526,1,2,1,4,1,8,1,3,844,78,290000
1304,73,8688,7,5,228,0,1616,1616,1616,0,1616,0,2,0,3,1,7,0,3,834,59,232000
1305,32,3363,7,5,117,0,976,976,976,732,1708,0,2,0,3,1,7,0,2,380,40,130000
1306,108,13173,9,5,300,1572,80,1652,1652,0,1652,1,2,0,2,1,6,2,2,840,102,325000
1307,48,6955,7,5,94,0,1368,1368,1368,0,1368,0,2,0,2,1,6,1,2,474,35,202500
1308,60,8072,5,5,0,746,244,990,990,0,990,1,1,0,3,1,5,0,2,480,64,138000
1309,100,12000,5,7,0,144,172,924,1122,0,1122,1,1,0,2,1,6,0,2,528,36,147000
1311,100,17500,7,8,0,1406,496,1902,1902,0,1902,1,2,0,3,1,7,2,2,567,207,335000
1312,68,8814,7,5,80,925,349,1274,1274,0,1274,1,2,0,3,1,6,0,2,508,98,203000
1314,108,14774,9,5,165,0,1393,1393,1422,1177,2599,0,2,1,4,1,10,1,3,779,30,333168
1315,60,8190,4,6,0,732,216,948,948,0,948,1,1,0,3,1,5,1,1,280,36,119000
1316,85,11075,6,5,0,500,176,952,1092,1020,2112,0,2,1,4,1,9,2,2,576,0,206900
1317,61,10226,8,5,270,0,1622,1622,1630,0,1630,1,2,0,3,1,8,1,3,860,42,295493
1318,47,4230,7,5,0,0,1352,1352,1352,0,1352,0,2,0,2,1,5,1,2,466,241,208900
1320,75,10215,4,5,132,492,372,864,948,0,948,0,1,0,3,1,5,0,1,248,0,111000
1321,70,8400,6,3,0,189,628,1478,1478,0,1478,1,1,1,3,1,6,2,2,442,0,156500
1323,107,10186,7,5,0,674,76,750,1061,862,1923,1,2,1,3,1,8,1,2,564,39,190000
1325,75,9986,8,5,428,0,1795,1795,1795,0,1795,0,2,0,2,1,7,1,3,895,49,147000
1328,60,6600,5,9,0,641,175,816,816,0,816,0,1,0,3,1,5,1,1,264,0,130500
1329,60,10440,6,7,0,493,1017,1510,1584,1208,2792,0,2,0,5,1,8,2,2,520,547,256000
1330,63,9084,7,5,0,0,935,935,955,677,1632,0,2,1,3,1,8,1,2,462,28,176500
1331,85,10000,8,5,410,0,1588,1588,1588,0,1588,0,2,0,3,1,7,1,3,825,45,227000
1332,55,10780,5,5,0,483,428,911,954,0,954,0,1,0,3,1,6,0,2,576,0,132500
1333,67,8877,4,6,0,690,126,816,816,0,816,1,1,0,2,1,3,1,1,288,0,100000
1334,60,7200,5,6,0,0,803,803,803,557,1360,0,1,1,2,1,6,0,1,297,65,125500
1335,24,2368,5,6,312,765,0,765,765,600,1365,0,1,1,3,1,7,0,2,440,36,125000
1336,80,9650,6,5,360,686,664,1350,1334,0,1334,0,2,0,2,1,6,1,2,630,16,167900
1337,87,9246,5,5,564,0,1656,1656,1656,0,1656,0,2,0,4,2,8,0,2,506,211,135000
1339,95,13450,7,5,0,700,216,916,920,941,1861,1,2,1,3,1,8,0,2,492,91,200000
1340,120,9560,5,7,0,360,504,864,864,0,864,0,1,0,3,1,5,0,1,288,0,128500
1341,70,8294,4,5,0,0,858,858,872,0,872,0,1,0,3,1,5,0,4,480,0,123000
1342,66,13695,6,5,0,814,300,1114,1114,0,1114,1,1,0,3,1,6,0,2,576,78,155000
1344,57,7558,6,6,0,0,896,896,1172,741,1913,0,1,1,3,1,9,1,2,342,0,177000
1345,85,11103,7,5,0,0,728,728,728,728,1456,0,2,1,3,1,8,1,2,440,0,155835
1346,50,6000,4,4,0,250,710,960,960,0,960,0,1,0,2,1,5,0,1,308,0,108500
1348,93,15306,8,5,100,80,1652,1732,1776,0,1776,1,2,0,3,1,7,1,3,712,0,283463
1351,91,11643,5,5,368,500,748,1248,1338,1296,2634,1,2,2,6,2,12,0,4,968,0,200000
1352,70,9247,6,6,318,319,539,858,858,858,1716,0,1,1,4,1,8,1,2,490,84,171000
1353,50,6000,6,9,0,0,698,698,786,390,1176,0,1,0,2,1,4,0,2,624,0,134900
1354,56,14720,8,5,579,816,1217,2033,2053,1185,3238,1,2,1,4,1,9,1,3,666,86,410000
1356,102,10192,7,6,143,0,570,570,1222,698,1920,0,3,0,4,1,8,1,2,487,98,170000
1360,129,16737,9,5,66,1447,533,1980,1980,0,1980,1,2,0,3,1,8,1,3,770,45,315000
1361,51,9842,5,6,0,0,612,612,990,1611,2601,0,3,1,4,1,8,0,2,621,0,189000
1362,124,16158,7,5,16,1274,256,1530,1530,0,1530,1,2,0,3,1,7,1,2,430,36,260000
1364,73,8499,6,5,0,0,616,616,616,796,1412,0,2,1,3,1,6,1,2,432,36,156932
1365,30,3180,7,5,0,0,600,600,520,600,1200,0,2,1,2,1,4,0,2,480,166,144152
1367,68,9179,7,5,158,633,240,873,882,908,1790,1,2,1,3,1,7,0,2,588,88,193000
1368,41,2665,5,6,0,548,36,757,925,550,1475,0,2,0,4,1,6,1,1,336,26,127000
1370,48,10635,8,5,171,370,315,1657,1668,0,1668,1,2,0,3,1,8,1,2,502,262,232000
1371,90,5400,4,6,0,315,420,840,840,534,1374,0,1,0,2,1,6,0,1,338,0,105000
1372,80,9600,6,6,0,831,161,992,1661,0,1661,1,1,0,3,1,8,1,1,377,28,165500
1373,75,9750,7,6,0,975,133,1108,1108,989,2097,1,2,1,3,1,8,1,2,583,170,274300
1375,85,10625,7,5,0,0,1026,1026,1026,932,1958,0,2,1,3,1,9,1,3,936,210,250000
1376,89,10991,8,5,80,0,1571,1571,1571,0,1571,0,2,0,3,1,7,1,3,722,36,239000
1377,52,6292,6,5,0,384,384,768,790,0,790,0,1,0,2,1,4,0,1,160,141,91000
1378,60,10998,5,5,0,408,156,984,984,620,1604,0,2,0,3,1,6,0,2,660,68,117000
1379,21,1953,6,5,408,309,174,483,483,504,987,0,1,1,2,1,5,0,1,264,0,83000
1380,73,9735,5,5,0,0,384,384,754,640,1394,0,2,1,3,1,7,0,2,400,0,167500
1381,45,8212,3,3,0,203,661,864,864,0,864,1,1,0,2,1,5,0,1,200,0,58500
1383,60,7200,7,7,0,0,596,596,998,764,1762,1,1,1,4,1,8,0,2,576,0,157000
1385,60,9060,6,5,0,204,356,560,698,560,1258,0,1,0,2,1,6,0,1,280,0,105000
1386,40,5436,4,8,0,735,61,796,796,358,1154,1,1,0,3,1,7,0,1,240,96,125500
1387,80,16692,7,5,184,790,133,1392,1392,1392,2784,1,3,1,5,1,12,2,2,564,112,250000
1388,60,8520,6,7,0,168,0,714,1664,862,2526,0,2,0,5,1,10,1,1,216,15,136000
1389,42,14892,9,5,160,1320,426,1746,1746,0,1746,1,2,0,3,1,7,2,3,758,39,377500
1390,60,6000,6,6,0,375,360,735,869,349,1218,0,1,0,3,1,6,1,2,440,0,131000
1391,70,9100,7,5,244,1400,125,1525,1525,0,1525,1,2,0,3,1,6,0,2,541,36,235000
1392,65,8944,5,5,0,0,1584,1584,1584,0,1584,0,2,0,4,2,8,0,3,792,152,124000
1393,68,7838,5,5,0,769,95,864,900,0,900,1,1,0,3,1,6,1,1,288,144,123000
1394,60,10800,6,7,0,0,482,482,1221,691,1912,0,2,0,3,2,7,1,2,672,25,163000
1395,53,4045,7,5,45,1070,286,1356,1500,0,1500,1,2,0,2,1,6,1,3,648,20,246578
1396,88,12665,8,5,245,0,1094,1094,1133,1349,2482,0,2,1,4,1,9,1,3,642,39,281213
1398,51,6120,5,8,0,0,939,939,939,574,1513,0,1,1,4,1,8,0,1,180,0,137500
1399,60,7200,5,4,0,180,676,1208,1136,768,1904,1,1,1,3,1,7,0,1,240,0,138000
1400,51,6171,6,6,0,264,712,976,1160,448,1608,0,2,1,3,1,7,1,1,216,16,137450
1401,50,6000,6,7,0,0,862,862,950,208,1158,0,1,0,3,1,5,1,1,208,0,120000
1402,62,7415,6,5,0,759,80,839,864,729,1593,1,2,1,3,1,8,1,2,398,75,193000
1403,64,6762,7,5,0,0,1286,1286,1294,0,1294,0,2,0,2,1,6,1,2,662,55,193879
1404,49,15256,8,5,84,929,556,1485,1464,0,1464,1,2,0,3,1,6,0,3,754,160,282922
1405,60,10410,3,4,0,0,672,672,694,520,1214,0,1,0,3,1,6,0,3,936,0,105000
1406,44,3842,8,5,174,1373,221,1594,1646,0,1646,1,2,0,2,1,5,1,2,482,53,275000
1407,70,8445,5,7,0,656,112,768,768,0,768,1,1,0,2,1,5,0,2,396,0,133000
1409,60,7740,4,7,0,0,622,622,741,622,1363,0,1,0,3,1,6,0,2,528,0,125500
1410,46,20544,7,6,123,0,791,791,1236,857,2093,0,2,1,3,1,7,1,2,542,63,215000
1411,79,12420,7,5,0,666,278,944,944,896,1840,1,2,1,3,1,6,0,2,622,45,230000
1412,80,9600,6,8,0,120,736,856,1112,556,1668,0,1,1,3,1,6,0,1,271,0,140000
1413,60,7200,4,5,0,0,0,0,1040,0,1040,0,2,0,2,2,6,0,2,420,0,90000
1414,88,10994,8,5,366,976,868,1844,1844,0,1844,1,2,0,2,1,7,1,2,620,44,257000
1415,64,13053,6,7,0,0,833,833,1053,795,1848,0,1,1,4,1,8,1,2,370,0,207000
1416,51,3635,7,5,130,988,398,1386,1569,0,1569,0,2,0,1,1,7,1,3,660,20,175900
1417,60,11340,4,6,0,0,777,777,1246,1044,2290,0,2,0,4,2,11,0,2,560,0,122500
1419,71,9204,5,5,0,25,247,1144,1144,0,1144,1,1,1,3,1,6,0,1,336,88,124000
1421,90,11700,6,6,420,404,304,708,708,708,1416,0,2,1,3,1,7,1,2,776,169,179900
1422,53,4043,6,5,0,360,709,1069,1069,0,1069,0,2,0,2,1,4,1,2,440,55,127500
1423,37,4435,6,5,170,686,162,848,848,0,848,1,1,0,1,1,3,0,2,420,0,136500
1426,80,10721,6,6,243,0,1252,1252,1252,0,1252,0,1,0,3,1,7,0,2,528,39,142000
1427,81,10944,7,5,448,1000,223,1223,1223,904,2127,1,2,1,3,1,5,2,2,525,132,271000
1428,60,10930,5,6,0,580,333,913,1048,510,1558,1,1,1,3,1,6,1,1,288,0,140000
1429,60,7200,5,7,294,510,278,788,804,0,804,1,1,0,2,1,4,2,1,240,0,119000
1431,60,21930,5,5,0,0,732,732,734,1104,1838,0,2,1,4,1,7,1,2,372,40,192140
1433,60,10800,4,6,0,0,656,656,968,0,968,0,2,0,4,1,5,0,1,216,0,64500
1434,93,10261,6,5,318,0,936,936,962,830,1792,1,2,1,3,1,8,1,2,451,0,186500
1435,80,17400,5,5,0,936,190,1126,1126,0,1126,1,2,0,3,1,5,1,2,484,41,160000
1436,80,8400,6,9,237,0,1319,1319,1537,0,1537,1,1,1,3,1,7,1,2,462,36,174000
1437,60,9000,4,6,0,616,248,864,864,0,864,0,1,0,3,1,5,0,2,528,0,120500
1438,96,12444,8,5,426,1336,596,1932,1932,0,1932,1,2,0,2,1,7,1,3,774,66,394617
1439,90,7407,6,7,0,600,312,912,1236,0,1236,1,1,0,2,1,6,0,2,923,158,149700
1440,80,11584,7,6,96,315,114,539,1040,685,1725,0,2,1,3,1,6,1,2,550,88,197000
1441,79,11526,6,7,0,0,588,588,1423,748,2555,0,2,0,3,1,11,1,2,672,0,191000
1443,85,11003,10,5,160,765,252,1017,1026,981,2007,1,2,1,3,1,10,1,3,812,52,310000
1445,63,8500,7,5,106,0,1422,1422,1422,0,1422,0,2,0,3,1,7,0,2,626,60,179600
1446,70,8400,6,5,0,187,0,814,913,0,913,1,1,0,3,1,6,0,1,240,0,129000
1448,80,10000,8,5,438,1079,141,1220,1220,870,2090,1,2,1,3,1,8,1,2,556,65,240000
1449,70,11767,4,7,0,0,560,560,796,550,1346,0,1,1,2,1,6,0,1,384,24,112000
1452,78,9262,8,5,194,0,1573,1573,1578,0,1578,0,2,0,3,1,7,1,3,840,36,287090
1453,35,3675,5,5,80,547,0,547,1072,0,1072,1,1,0,2,1,5,0,2,525,28,145000
1455,62,7500,7,5,0,410,811,1221,1221,0,1221,1,2,0,2,1,6,0,2,400,113,185000
1456,62,7917,6,5,0,0,953,953,953,694,1647,0,2,1,3,1,7,1,2,460,40,175000
1457,85,13175,6,6,119,790,589,1542,2073,0,2073,1,2,0,3,1,7,2,2,500,0,210000
1458,66,9042,7,9,0,275,877,1152,1188,1152,2340,0,2,0,4,1,9,2,1,252,60,266500
1459,68,9717,5,6,0,49,0,1078,1078,0,1078,1,1,0,2,1,5,0,1,240,0,142125
1460,75,9937,5,6,0,830,136,1256,1256,0,1256,1,1,1,3,1,6,0,1,276,68,147500
